{"CustomerDetails":{"Create":{"TableColumns":[{"IsTextArea":false,"DisplayName":"pk","DataAttribute":"pk","DisplayOrder":{"inTable":0},"Head":{"Bs5UpArrow":false,"Bs5DownArrow":false},"ServerSide":{"DefaultValueCreate":{"ControlType":"","Type":"","IncrementBy":1,"StartValue":1,"ConsiderFirmPeriod":false},"SaveCheck":{"Type":"","Validate":false},"TransformBeforeSave":{"Validate":false,"Type":""},"EnterToServer":{"PickFrom":"","FolderName":"","FileName":"","ItemName":"","ColumnName":"","Active":false},"DefaultValueShow":{"ControlType":"","Format":"","Type":"","Transform":false}},"Footer":{"Show":{"Balance":{"ShowTF":false,"Columns":""}}},"HtmlAttributes":{"KTF":false,"list":""},"KDataAttributes":{"onkeypress":false,"EnterOnClient":false,"ClientEval":"","CustomDataList":false},"EnterToServer":false,"IsSelect":false,"SaveOnEnter":false,"CreateNew":false,"Insert":true,"isDate":false,"isDropdown":false,"isToggle":false,"ShowInTable":false,"LocalStoageRefKey":"","TextAlign":"Left","ShowTotal":false,"ShowBalanceTF":false,"DefaultValue":"","ViewType":0,"Buttons":{"MssqlSave":false},"Widths":{"px":0},"ParentClasses":{"Parent1Class":"col-md-8","Parent2Class":"col-md-4","Parent3Class":"col-md-12","InputClass":"form-control"},"DisplayType":{"IsIndianFormat":false,"IsInput":false},"KDataset":{"HTMLControlType":"","Min":"","Max":"","Step":"","SaveCheck":{"ClientSide":false,"Validate":false,"Type":"","Masters":{"CheckKey":"","CheckColumnName":""}}},"KDatasetStuff":{"Validate":false,"Type":"","DataListReverse":false,"LocalStorage":{"PullKey":"","FilterKeys":"","ReturnKeys":"","TargetColumnDataAttribute":"","TargetKey":""}}},{"IsTextArea":false,"DisplayName":"CustomerName","DataAttribute":"CustomerName","DisplayOrder":{"inTable":0},"Head":{"Bs5UpArrow":false,"Bs5DownArrow":false},"ServerSide":{"DefaultValueCreate":{"ControlType":"","Type":"","IncrementBy":1,"StartValue":1,"ConsiderFirmPeriod":false},"SaveCheck":{"Type":"","Validate":false},"TransformBeforeSave":{"Validate":false,"Type":""},"EnterToServer":{"PickFrom":"","FolderName":"","FileName":"","ItemName":"","ColumnName":"","Active":false},"DefaultValueShow":{"ControlType":"","Format":"","Type":"","Transform":false}},"Footer":{"Show":{"Balance":{"ShowTF":false,"Columns":""}}},"HtmlAttributes":{"KTF":false,"list":""},"KDataAttributes":{"onkeypress":false,"EnterOnClient":false,"ClientEval":"","CustomDataList":false},"EnterToServer":false,"IsSelect":false,"SaveOnEnter":false,"CreateNew":true,"Insert":true,"isDate":false,"isDropdown":false,"isToggle":false,"ShowInTable":true,"LocalStoageRefKey":"","TextAlign":"Left","ShowTotal":false,"ShowBalanceTF":false,"DefaultValue":"","ViewType":0,"Buttons":{"MssqlSave":false},"Widths":{"px":0},"ParentClasses":{"Parent1Class":"col-md-8","Parent2Class":"col-md-4","Parent3Class":"col-md-12","InputClass":"form-control"},"DisplayType":{"IsIndianFormat":false,"IsInput":false},"KDataset":{"HTMLControlType":"","Min":"","Max":"","Step":"","SaveCheck":{"ClientSide":false,"Validate":false,"Type":"","Masters":{"CheckKey":"","CheckColumnName":""}}},"KDatasetStuff":{"Validate":false,"Type":"","DataListReverse":false,"LocalStorage":{"PullKey":"","FilterKeys":"","ReturnKeys":"","TargetColumnDataAttribute":"","TargetKey":""}}},{"IsTextArea":false,"DisplayName":"CustomerMobileNo","DataAttribute":"CustomerMobileNo","DisplayOrder":{"inTable":0},"Head":{"Bs5UpArrow":false,"Bs5DownArrow":false},"ServerSide":{"DefaultValueCreate":{"ControlType":"","Type":"","IncrementBy":1,"StartValue":1,"ConsiderFirmPeriod":false},"SaveCheck":{"Type":"","Validate":false},"TransformBeforeSave":{"Validate":false,"Type":""},"EnterToServer":{"PickFrom":"","FolderName":"","FileName":"","ItemName":"","ColumnName":"","Active":false},"DefaultValueShow":{"ControlType":"","Format":"","Type":"","Transform":false}},"Footer":{"Show":{"Balance":{"ShowTF":false,"Columns":""}}},"HtmlAttributes":{"KTF":false,"list":""},"KDataAttributes":{"onkeypress":false,"EnterOnClient":false,"ClientEval":"","CustomDataList":false},"EnterToServer":false,"IsSelect":false,"SaveOnEnter":false,"CreateNew":true,"Insert":true,"isDate":false,"isDropdown":false,"isToggle":false,"ShowInTable":true,"LocalStoageRefKey":"","TextAlign":"Left","ShowTotal":false,"ShowBalanceTF":false,"DefaultValue":"","ViewType":0,"Buttons":{"MssqlSave":false},"Widths":{"px":0},"ParentClasses":{"Parent1Class":"col-md-8","Parent2Class":"col-md-4","Parent3Class":"col-md-12","InputClass":"form-control"},"DisplayType":{"IsIndianFormat":false,"IsInput":false},"KDataset":{"HTMLControlType":"","Min":"","Max":"","Step":"","SaveCheck":{"ClientSide":false,"Validate":false,"Type":"","Masters":{"CheckKey":"","CheckColumnName":""}}},"KDatasetStuff":{"Validate":false,"Type":"","DataListReverse":false,"LocalStorage":{"PullKey":"","FilterKeys":"","ReturnKeys":"","TargetColumnDataAttribute":"","TargetKey":""}}},{"IsTextArea":false,"DisplayName":"CustomerAddress","DataAttribute":"CustomerAddress","DisplayOrder":{"inTable":0},"Head":{"Bs5UpArrow":false,"Bs5DownArrow":false},"ServerSide":{"DefaultValueCreate":{"ControlType":"","Type":"","IncrementBy":1,"StartValue":1,"ConsiderFirmPeriod":false},"SaveCheck":{"Type":"","Validate":false},"TransformBeforeSave":{"Validate":false,"Type":""},"EnterToServer":{"PickFrom":"","FolderName":"","FileName":"","ItemName":"","ColumnName":"","Active":false},"DefaultValueShow":{"ControlType":"","Format":"","Type":"","Transform":false}},"Footer":{"Show":{"Balance":{"ShowTF":false,"Columns":""}}},"HtmlAttributes":{"KTF":false,"list":""},"KDataAttributes":{"onkeypress":false,"EnterOnClient":false,"ClientEval":"","CustomDataList":false},"EnterToServer":false,"IsSelect":false,"SaveOnEnter":false,"CreateNew":true,"Insert":true,"isDate":false,"isDropdown":false,"isToggle":false,"ShowInTable":true,"LocalStoageRefKey":"","TextAlign":"Left","ShowTotal":false,"ShowBalanceTF":false,"DefaultValue":"","ViewType":0,"Buttons":{"MssqlSave":false},"Widths":{"px":0},"ParentClasses":{"Parent1Class":"col-md-8","Parent2Class":"col-md-4","Parent3Class":"col-md-12","InputClass":"form-control"},"DisplayType":{"IsIndianFormat":false,"IsInput":false},"KDataset":{"HTMLControlType":"","Min":"","Max":"","Step":"","SaveCheck":{"ClientSide":false,"Validate":false,"Type":"","Masters":{"CheckKey":"","CheckColumnName":""}}},"KDatasetStuff":{"Validate":false,"Type":"","DataListReverse":false,"LocalStorage":{"PullKey":"","FilterKeys":"","ReturnKeys":"","TargetColumnDataAttribute":"","TargetKey":""}}},{"IsTextArea":false,"DisplayName":"CustomerDOB","DataAttribute":"CustomerDOB","DisplayOrder":{"inTable":0},"Head":{"Bs5UpArrow":false,"Bs5DownArrow":false},"ServerSide":{"DefaultValueCreate":{"ControlType":"","Type":"","IncrementBy":1,"StartValue":1,"ConsiderFirmPeriod":false},"SaveCheck":{"Type":"","Validate":false},"TransformBeforeSave":{"Validate":false,"Type":""},"EnterToServer":{"PickFrom":"","FolderName":"","FileName":"","ItemName":"","ColumnName":"","Active":false},"DefaultValueShow":{"ControlType":"","Format":"","Type":"","Transform":false}},"Footer":{"Show":{"Balance":{"ShowTF":false,"Columns":""}}},"HtmlAttributes":{"KTF":false,"list":""},"KDataAttributes":{"onkeypress":false,"EnterOnClient":false,"ClientEval":"","CustomDataList":false},"EnterToServer":false,"IsSelect":false,"SaveOnEnter":false,"CreateNew":true,"Insert":true,"isDate":false,"isDropdown":false,"isToggle":false,"ShowInTable":true,"LocalStoageRefKey":"","TextAlign":"Left","ShowTotal":false,"ShowBalanceTF":false,"DefaultValue":"","ViewType":0,"Buttons":{"MssqlSave":false},"Widths":{"px":0},"ParentClasses":{"Parent1Class":"col-md-8","Parent2Class":"col-md-4","Parent3Class":"col-md-12","InputClass":"form-control"},"DisplayType":{"IsIndianFormat":false,"IsInput":false},"KDataset":{"HTMLControlType":"","Min":"","Max":"","Step":"","SaveCheck":{"ClientSide":false,"Validate":false,"Type":"","Masters":{"CheckKey":"","CheckColumnName":""}}},"KDatasetStuff":{"Validate":false,"Type":"","DataListReverse":false,"LocalStorage":{"PullKey":"","FilterKeys":"","ReturnKeys":"","TargetColumnDataAttribute":"","TargetKey":""}}},{"IsTextArea":false,"DisplayName":"CustomerGender","DataAttribute":"CustomerGender","DisplayOrder":{"inTable":0},"Head":{"Bs5UpArrow":false,"Bs5DownArrow":false},"ServerSide":{"DefaultValueCreate":{"ControlType":"","Type":"","IncrementBy":1,"StartValue":1,"ConsiderFirmPeriod":false},"SaveCheck":{"Type":"","Validate":false},"TransformBeforeSave":{"Validate":false,"Type":""},"EnterToServer":{"PickFrom":"","FolderName":"","FileName":"","ItemName":"","ColumnName":"","Active":false},"DefaultValueShow":{"ControlType":"","Format":"","Type":"","Transform":false}},"Footer":{"Show":{"Balance":{"ShowTF":false,"Columns":""}}},"HtmlAttributes":{"KTF":false,"list":""},"KDataAttributes":{"onkeypress":false,"EnterOnClient":false,"ClientEval":"","CustomDataList":false},"EnterToServer":false,"IsSelect":false,"SaveOnEnter":false,"CreateNew":true,"Insert":true,"isDate":false,"isDropdown":false,"isToggle":false,"ShowInTable":true,"LocalStoageRefKey":"","TextAlign":"Left","ShowTotal":false,"ShowBalanceTF":false,"DefaultValue":"","ViewType":0,"Buttons":{"MssqlSave":false},"Widths":{"px":0},"ParentClasses":{"Parent1Class":"col-md-8","Parent2Class":"col-md-4","Parent3Class":"col-md-12","InputClass":"form-control"},"DisplayType":{"IsIndianFormat":false,"IsInput":false},"KDataset":{"HTMLControlType":"","Min":"","Max":"","Step":"","SaveCheck":{"ClientSide":false,"Validate":false,"Type":"","Masters":{"CheckKey":"","CheckColumnName":""}}},"KDatasetStuff":{"Validate":false,"Type":"","DataListReverse":false,"LocalStorage":{"PullKey":"","FilterKeys":"","ReturnKeys":"","TargetColumnDataAttribute":"","TargetKey":""}}},{"IsTextArea":false,"DisplayName":"CustomerEmail","DataAttribute":"CustomerEmail","DisplayOrder":{"inTable":0},"Head":{"Bs5UpArrow":false,"Bs5DownArrow":false},"ServerSide":{"DefaultValueCreate":{"ControlType":"","Type":"","IncrementBy":1,"StartValue":1,"ConsiderFirmPeriod":false},"SaveCheck":{"Type":"","Validate":false},"TransformBeforeSave":{"Validate":false,"Type":""},"EnterToServer":{"PickFrom":"","FolderName":"","FileName":"","ItemName":"","ColumnName":"","Active":false},"DefaultValueShow":{"ControlType":"","Format":"","Type":"","Transform":false}},"Footer":{"Show":{"Balance":{"ShowTF":false,"Columns":""}}},"HtmlAttributes":{"KTF":false,"list":""},"KDataAttributes":{"onkeypress":false,"EnterOnClient":false,"ClientEval":"","CustomDataList":false},"EnterToServer":false,"IsSelect":false,"SaveOnEnter":false,"CreateNew":true,"Insert":true,"isDate":false,"isDropdown":false,"isToggle":false,"ShowInTable":true,"LocalStoageRefKey":"","TextAlign":"Left","ShowTotal":false,"ShowBalanceTF":false,"DefaultValue":"","ViewType":0,"Buttons":{"MssqlSave":false},"Widths":{"px":0},"ParentClasses":{"Parent1Class":"col-md-8","Parent2Class":"col-md-4","Parent3Class":"col-md-12","InputClass":"form-control"},"DisplayType":{"IsIndianFormat":false,"IsInput":false},"KDataset":{"HTMLControlType":"","Min":"","Max":"","Step":"","SaveCheck":{"ClientSide":false,"Validate":false,"Type":"","Masters":{"CheckKey":"","CheckColumnName":""}}},"KDatasetStuff":{"Validate":false,"Type":"","DataListReverse":false,"LocalStorage":{"PullKey":"","FilterKeys":"","ReturnKeys":"","TargetColumnDataAttribute":"","TargetKey":""}}},{"IsTextArea":false,"DisplayName":"CustomerFacebookID","DataAttribute":"CustomerFacebookID","DisplayOrder":{"inTable":0},"Head":{"Bs5UpArrow":false,"Bs5DownArrow":false},"ServerSide":{"DefaultValueCreate":{"ControlType":"","Type":"","IncrementBy":1,"StartValue":1,"ConsiderFirmPeriod":false},"SaveCheck":{"Type":"","Validate":false},"TransformBeforeSave":{"Validate":false,"Type":""},"EnterToServer":{"PickFrom":"","FolderName":"","FileName":"","ItemName":"","ColumnName":"","Active":false},"DefaultValueShow":{"ControlType":"","Format":"","Type":"","Transform":false}},"Footer":{"Show":{"Balance":{"ShowTF":false,"Columns":""}}},"HtmlAttributes":{"KTF":false,"list":""},"KDataAttributes":{"onkeypress":false,"EnterOnClient":false,"ClientEval":"","CustomDataList":false},"EnterToServer":false,"IsSelect":false,"SaveOnEnter":false,"CreateNew":true,"Insert":true,"isDate":false,"isDropdown":false,"isToggle":false,"ShowInTable":true,"LocalStoageRefKey":"","TextAlign":"Left","ShowTotal":false,"ShowBalanceTF":false,"DefaultValue":"","ViewType":0,"Buttons":{"MssqlSave":false},"Widths":{"px":0},"ParentClasses":{"Parent1Class":"col-md-8","Parent2Class":"col-md-4","Parent3Class":"col-md-12","InputClass":"form-control"},"DisplayType":{"IsIndianFormat":false,"IsInput":false},"KDataset":{"HTMLControlType":"","Min":"","Max":"","Step":"","SaveCheck":{"ClientSide":false,"Validate":false,"Type":"","Masters":{"CheckKey":"","CheckColumnName":""}}},"KDatasetStuff":{"Validate":false,"Type":"","DataListReverse":false,"LocalStorage":{"PullKey":"","FilterKeys":"","ReturnKeys":"","TargetColumnDataAttribute":"","TargetKey":""}}},{"IsTextArea":false,"DisplayName":"CustomerDriverName","DataAttribute":"CustomerDriverName","DisplayOrder":{"inTable":0},"Head":{"Bs5UpArrow":false,"Bs5DownArrow":false},"ServerSide":{"DefaultValueCreate":{"ControlType":"","Type":"","IncrementBy":1,"StartValue":1,"ConsiderFirmPeriod":false},"SaveCheck":{"Type":"","Validate":false},"TransformBeforeSave":{"Validate":false,"Type":""},"EnterToServer":{"PickFrom":"","FolderName":"","FileName":"","ItemName":"","ColumnName":"","Active":false},"DefaultValueShow":{"ControlType":"","Format":"","Type":"","Transform":false}},"Footer":{"Show":{"Balance":{"ShowTF":false,"Columns":""}}},"HtmlAttributes":{"KTF":false,"list":""},"KDataAttributes":{"onkeypress":false,"EnterOnClient":false,"ClientEval":"","CustomDataList":false},"EnterToServer":false,"IsSelect":false,"SaveOnEnter":false,"CreateNew":true,"Insert":true,"isDate":false,"isDropdown":false,"isToggle":false,"ShowInTable":true,"LocalStoageRefKey":"","TextAlign":"Left","ShowTotal":false,"ShowBalanceTF":false,"DefaultValue":"","ViewType":0,"Buttons":{"MssqlSave":false},"Widths":{"px":0},"ParentClasses":{"Parent1Class":"col-md-8","Parent2Class":"col-md-4","Parent3Class":"col-md-12","InputClass":"form-control"},"DisplayType":{"IsIndianFormat":false,"IsInput":false},"KDataset":{"HTMLControlType":"","Min":"","Max":"","Step":"","SaveCheck":{"ClientSide":false,"Validate":false,"Type":"","Masters":{"CheckKey":"","CheckColumnName":""}}},"KDatasetStuff":{"Validate":false,"Type":"","DataListReverse":false,"LocalStorage":{"PullKey":"","FilterKeys":"","ReturnKeys":"","TargetColumnDataAttribute":"","TargetKey":""}}},{"IsTextArea":false,"DisplayName":"CustomerDriverNo","DataAttribute":"CustomerDriverNo","DisplayOrder":{"inTable":0},"Head":{"Bs5UpArrow":false,"Bs5DownArrow":false},"ServerSide":{"DefaultValueCreate":{"ControlType":"","Type":"","IncrementBy":1,"StartValue":1,"ConsiderFirmPeriod":false},"SaveCheck":{"Type":"","Validate":false},"TransformBeforeSave":{"Validate":false,"Type":""},"EnterToServer":{"PickFrom":"","FolderName":"","FileName":"","ItemName":"","ColumnName":"","Active":false},"DefaultValueShow":{"ControlType":"","Format":"","Type":"","Transform":false}},"Footer":{"Show":{"Balance":{"ShowTF":false,"Columns":""}}},"HtmlAttributes":{"KTF":false,"list":""},"KDataAttributes":{"onkeypress":false,"EnterOnClient":false,"ClientEval":"","CustomDataList":false},"EnterToServer":false,"IsSelect":false,"SaveOnEnter":false,"CreateNew":true,"Insert":true,"isDate":false,"isDropdown":false,"isToggle":false,"ShowInTable":true,"LocalStoageRefKey":"","TextAlign":"Left","ShowTotal":false,"ShowBalanceTF":false,"DefaultValue":"","ViewType":0,"Buttons":{"MssqlSave":false},"Widths":{"px":0},"ParentClasses":{"Parent1Class":"col-md-8","Parent2Class":"col-md-4","Parent3Class":"col-md-12","InputClass":"form-control"},"DisplayType":{"IsIndianFormat":false,"IsInput":false},"KDataset":{"HTMLControlType":"","Min":"","Max":"","Step":"","SaveCheck":{"ClientSide":false,"Validate":false,"Type":"","Masters":{"CheckKey":"","CheckColumnName":""}}},"KDatasetStuff":{"Validate":false,"Type":"","DataListReverse":false,"LocalStorage":{"PullKey":"","FilterKeys":"","ReturnKeys":"","TargetColumnDataAttribute":"","TargetKey":""}}}],"TableInfo":{"ColumnReOrder":false,"DisplayName":"","TableInfoServerSide":{"TransformToUi":false},"SearchControl":[],"TableBody":{"FooterType":{"ShowTotals":false,"Search":{"ShowTotals":false}}},"TableRowOptions":{"PrintToPrinter":{"Double":false,"Barcode":false},"DropDown":"","KData":[{"DisplayName":"Edit","OnClickFunc":""},{"DisplayName":"Delete","OnClickFunc":""},{"DisplayName":"InvGrid","OnClickFunc":""},{"DisplayName":"Design","OnClickFunc":""},{"DisplayName":"Show","OnClickFunc":""},{"DisplayName":"Update","OnClickFunc":""}],"Onclick":"TestingClick","Copy":{"KTF":false},"ShowinTable":{"KTF":false},"Delete":{"Simple":true},"Edit":{"RowEdit":false,"RowEditWithUi":false,"RowEditForJSON":false,"JSON":false},"CreateNew":{"RowCreateNew":false,"NewWindow":{"ApiToServer":{"KTF":false}}},"Show":{"Rowshow":true,"RowDetails":false,"KeyAsTree":false},"DefaultFocus":{"DataAttribute":""},"InvGrid":{"RowInvGrid":false},"BarcodePrint":{"SVJP":false,"SKML":false},"BillSave":{"Edit":false},"PopUp":{"Rowshow":true},"Design":false},"kPK":"pk","kDetails":"","kUserName":"","TableId":"KTableId","ShowFooter":true,"BackGroundColor":"#ffffff","ParentClass":"col-12","HeadRowSearch":false,"PopUp":"","ParentClasses":{"Parent1Class":"col-md-8","Parent2Class":"col-md-4","Parent3Class":"col-md-12","Table":{"CardClass":"","TableClass":""}},"SearchRowArray":{"Label":{"KTF":true,"DisplayObject":{"DisplayText":"CRM - Customers.json - CustomerDetails - Create","ColClass":"md-5 col-sm-12 col-12"}},"Search":{"KTF":true,"DisplayObject":{"DisplayText":"Search","ColClass":"md-4 col-sm-8 col-12"}},"SearchWithEnter":{"KTF":false,"DisplayObject":{"DisplayText":"SearchWithEnter","ColClass":"md-2 col-sm-4 col-12"}},"Button":{"PrintToPrinter":{"Double":false,"Preview":{"KTF":false,"DisplayObject":{"ColClass":"md-1"}}},"Footer":{"WithApi":{"KTF":true,"DisplayObject":{"ColClass":"md-1","SvgPlus":true,"SvgPlusLarge":false,"Table":true}}},"Scrollable":{"KTF":false,"DisplayObject":{"ColClass":"md-1"}},"NewWindow":{"KTF":true,"DisplayObject":{"ColClass":"md-1","SvgPlus":true,"SvgPlusLarge":false,"NewWindow":true,"Table":false}},"PopUp":{"KTF":true,"DisplayObject":{"ColClass":"md-1","SvgPlus":true,"SvgPlusLarge":false,"NewWindow":false,"Table":false,"Chat":true}}},"CreativeTim":{"SearchWithEnter":{"KTF":false,"DisplayObject":{"DisplayText":"SearchWithEnter","ColClass":"md-2 col-sm-4 col-12"}}}},"Vertical":{"Footer":{"Update":false,"SaveType":{"Post":false,"Show":false,"Save":false,"LedgerShow":false}},"VerticalCreate":{"save":false,"saveNew":false,"saveNewReturnData":false,"Edit":false,"Update":false,"UpdateNew":false,"saveFromKeyAsTree":true,"ForSubTable":false,"Save":{"Transactions":false,"Head":false},"Show":{"Masters":false,"Transactions":false,"Reports":false}}},"DataAttributes":{"JsonConfig":"","ItemConfig":"","PK":"","KeyAsTree":"","InsertKey":""},"BreadCrump":[{"DisplayText":"home"}],"FooterType":{"ShowBalance":false,"CreateNew":true,"CreateNewRow":{"Style":"display:none","Show":true},"SaveType":{"Save":true},"ShowTotals":false},"DataAttributesFromTableInfo":true,"DataAttributesFromTableDataRow":false}}}}