{
    "POS": {
        "Create": {
            "TableColumns": [
                {
                    "IsTextArea": false,
                    "DisplayName": "pk",
                    "DataAttribute": "pk",
                    "DisplayOrder": {
                        "inTable": 0
                    },
                    "Head": {
                        "Bs5UpArrow": false,
                        "Bs5DownArrow": false
                    },
                    "ServerSide": {
                        "DefaultValueCreate": {
                            "ControlType": "",
                            "Type": "",
                            "IncrementBy": 1,
                            "StartValue": 1,
                            "ConsiderFirmPeriod": false
                        },
                        "SaveCheck": {
                            "Type": "",
                            "Validate": false
                        },
                        "TransformBeforeSave": {
                            "Validate": false,
                            "Type": ""
                        },
                        "EnterToServer": {
                            "PickFrom": "",
                            "FolderName": "",
                            "FileName": "",
                            "ItemName": "",
                            "ColumnName": "",
                            "Active": false
                        },
                        "DefaultValueShow": {
                            "ControlType": "",
                            "Format": "",
                            "Type": "",
                            "Transform": false
                        }
                    },
                    "Footer": {
                        "Show": {
                            "Balance": {
                                "ShowTF": false,
                                "Columns": ""
                            }
                        }
                    },
                    "HtmlAttributes": {
                        "KTF": false,
                        "list": ""
                    },
                    "KDataAttributes": {
                        "onkeypress": false,
                        "EnterOnClient": false,
                        "ClientEval": "",
                        "CustomDataList": false
                    },
                    "EnterToServer": false,
                    "IsSelect": false,
                    "SaveOnEnter": false,
                    "CreateNew": false,
                    "Insert": true,
                    "isDate": false,
                    "isDropdown": false,
                    "isToggle": false,
                    "ShowInTable": false,
                    "LocalStoageRefKey": "",
                    "TextAlign": "Left",
                    "ShowTotal": false,
                    "ShowBalanceTF": false,
                    "DefaultValue": "",
                    "ViewType": 0,
                    "Buttons": {
                        "MssqlSave": false
                    },
                    "Widths": {
                        "px": 0
                    },
                    "ParentClasses": {
                        "Parent1Class": "col-md-8",
                        "Parent2Class": "col-md-4",
                        "Parent3Class": "col-md-12",
                        "InputClass": "form-control"
                    },
                    "DisplayType": {
                        "IsIndianFormat": false,
                        "IsInput": false
                    },
                    "KDataset": {
                        "HTMLControlType": "",
                        "Min": "",
                        "Max": "",
                        "Step": "",
                        "SaveCheck": {
                            "ClientSide": false,
                            "Validate": false,
                            "Type": "",
                            "Masters": {
                                "CheckKey": "",
                                "CheckColumnName": ""
                            }
                        }
                    },
                    "KDatasetStuff": {
                        "Validate": false,
                        "Type": "",
                        "DataListReverse": false,
                        "LocalStorage": {
                            "PullKey": "",
                            "FilterKeys": "",
                            "ReturnKeys": "",
                            "TargetColumnDataAttribute": "",
                            "TargetKey": ""
                        }
                    }
                },
                {
                    "Head": {
                        "Bs5UpArrow": false,
                        "Bs5DownArrow": false
                    },
                    "ServerSide": {
                        "DefaultValueCreate": {
                            "ControlType": "Number",
                            "Type": "Max",
                            "IncrementBy": "1",
                            "StartValue": "1",
                            "ConsiderFirmPeriod": false
                        },
                        "SaveCheck": {},
                        "TransformBeforeSave": {
                            "Validate": false,
                            "Type": ""
                        },
                        "EnterToServer": {
                            "PickFrom": "",
                            "FolderName": "",
                            "FileName": "",
                            "ItemName": "",
                            "ColumnName": "",
                            "Active": false
                        },
                        "DefaultValueShow": {}
                    },
                    "Footer": {
                        "Show": {
                            "Balance": {
                                "ShowTF": false,
                                "Columns": ""
                            }
                        }
                    },
                    "HtmlAttributes": {
                        "KTF": false,
                        "list": ""
                    },
                    "KDataAttributes": {
                        "onkeypress": false,
                        "EnterOnClient": false,
                        "ClientEval": "",
                        "CustomDataList": false
                    },
                    "EnterToServer": false,
                    "IsSelect": false,
                    "SaveOnEnter": false,
                    "DisplayName": "Bill Number",
                    "DataAttribute": "BillNumber",
                    "CreateNew": true,
                    "Insert": true,
                    "isDate": false,
                    "isDropdown": false,
                    "isToggle": false,
                    "ShowInTable": true,
                    "LocalStoageRefKey": "",
                    "TextAlign": "Right",
                    "ShowTotal": false,
                    "ShowBalanceTF": false,
                    "DefaultValue": "",
                    "ViewType": 0,
                    "Buttons": {
                        "MssqlSave": false
                    },
                    "Widths": {
                        "px": "50"
                    },
                    "ParentClasses": {
                        "Parent1Class": "col-md-8",
                        "Parent2Class": "col-md-4",
                        "Parent3Class": "col-md-12",
                        "InputClass": "form-control"
                    },
                    "DisplayType": {
                        "IsIndianFormat": false,
                        "IsInput": false
                    },
                    "KDataset": {
                        "HTMLControlType": "Number",
                        "Min": "1",
                        "Max": "9000",
                        "Step": "1",
                        "SaveCheck": {
                            "ClientSide": false,
                            "Validate": false,
                            "Type": "",
                            "Masters": {
                                "CheckKey": "",
                                "CheckColumnName": ""
                            }
                        }
                    },
                    "KDatasetStuff": {
                        "Validate": false,
                        "Type": "",
                        "DataListReverse": false,
                        "LocalStorage": {
                            "PullKey": "",
                            "FilterKeys": "",
                            "ReturnKeys": "",
                            "TargetColumnDataAttribute": "",
                            "TargetKey": ""
                        }
                    },
                    "Name": "",
                    "TransformType": "",
                    "TransformTF": false
                },
                {
                    "Head": {
                        "Bs5UpArrow": false,
                        "Bs5DownArrow": false
                    },
                    "ServerSide": {
                        "DefaultValueCreate": {
                            "ControlType": "Date",
                            "Type": "PresentDate",
                            "IncrementBy": 1,
                            "StartValue": 1,
                            "ConsiderFirmPeriod": false
                        },
                        "SaveCheck": {},
                        "TransformBeforeSave": {
                            "Validate": false,
                            "Type": ""
                        },
                        "EnterToServer": {
                            "PickFrom": "",
                            "FolderName": "",
                            "FileName": "",
                            "ItemName": "",
                            "ColumnName": "",
                            "Active": false
                        },
                        "DefaultValueShow": {
                            "ControlType": "Date",
                            "Format": "dd-MM-yyyy",
                            "Type": "",
                            "Transform": true
                        }
                    },
                    "Footer": {
                        "Show": {
                            "Balance": {
                                "ShowTF": false,
                                "Columns": ""
                            }
                        }
                    },
                    "HtmlAttributes": {
                        "KTF": false,
                        "list": ""
                    },
                    "KDataAttributes": {
                        "onkeypress": false,
                        "EnterOnClient": false,
                        "ClientEval": "",
                        "CustomDataList": false
                    },
                    "EnterToServer": false,
                    "IsSelect": false,
                    "SaveOnEnter": false,
                    "DisplayName": "Date",
                    "DataAttribute": "Date",
                    "CreateNew": true,
                    "Insert": true,
                    "isDate": false,
                    "isDropdown": false,
                    "isToggle": false,
                    "ShowInTable": true,
                    "LocalStoageRefKey": "",
                    "TextAlign": "Left",
                    "ShowTotal": false,
                    "ShowBalanceTF": false,
                    "DefaultValue": "",
                    "ViewType": 0,
                    "Buttons": {
                        "MssqlSave": false
                    },
                    "Widths": {
                        "px": "75"
                    },
                    "ParentClasses": {
                        "Parent1Class": "col-md-8",
                        "Parent2Class": "col-md-4",
                        "Parent3Class": "col-md-12",
                        "InputClass": "form-control"
                    },
                    "DisplayType": {
                        "IsIndianFormat": false,
                        "IsInput": false
                    },
                    "KDataset": {
                        "HTMLControlType": "Date",
                        "Min": "",
                        "Max": "",
                        "Step": "",
                        "SaveCheck": {
                            "ClientSide": false,
                            "Validate": false,
                            "Type": "",
                            "Masters": {
                                "CheckKey": "",
                                "CheckColumnName": ""
                            }
                        }
                    },
                    "KDatasetStuff": {
                        "Validate": false,
                        "Type": "",
                        "DataListReverse": false,
                        "LocalStorage": {
                            "PullKey": "",
                            "FilterKeys": "",
                            "ReturnKeys": "",
                            "TargetColumnDataAttribute": "",
                            "TargetKey": ""
                        }
                    }
                },
                {
                    "IsTextArea": false,
                    "DisplayName": "InvGrid",
                    "DataAttribute": "InvGrid",
                    "DisplayOrder": {
                        "inTable": 0
                    },
                    "Head": {
                        "Bs5UpArrow": false,
                        "Bs5DownArrow": false
                    },
                    "ServerSide": {
                        "DefaultValueCreate": {
                            "ControlType": "",
                            "Type": "",
                            "IncrementBy": 1,
                            "StartValue": 1,
                            "ConsiderFirmPeriod": false
                        },
                        "SaveCheck": {
                            "Type": "",
                            "Validate": false
                        },
                        "TransformBeforeSave": {
                            "Validate": false,
                            "Type": ""
                        },
                        "EnterToServer": {
                            "PickFrom": "",
                            "FolderName": "",
                            "FileName": "",
                            "ItemName": "",
                            "ColumnName": "",
                            "Active": false
                        },
                        "DefaultValueShow": {
                            "ControlType": "",
                            "Format": "",
                            "Type": "",
                            "Transform": false
                        }
                    },
                    "Footer": {
                        "Show": {
                            "Balance": {
                                "ShowTF": false,
                                "Columns": ""
                            }
                        }
                    },
                    "HtmlAttributes": {
                        "KTF": false,
                        "list": ""
                    },
                    "KDataAttributes": {
                        "onkeypress": false,
                        "EnterOnClient": false,
                        "ClientEval": "",
                        "CustomDataList": false
                    },
                    "EnterToServer": false,
                    "IsSelect": false,
                    "SaveOnEnter": false,
                    "CreateNew": true,
                    "Insert": true,
                    "isDate": false,
                    "isDropdown": false,
                    "isToggle": false,
                    "ShowInTable": true,
                    "LocalStoageRefKey": "",
                    "TextAlign": "Left",
                    "ShowTotal": false,
                    "ShowBalanceTF": false,
                    "DefaultValue": "Object",
                    "ViewType": 0,
                    "Buttons": {
                        "MssqlSave": false
                    },
                    "Widths": {
                        "px": 0
                    },
                    "ParentClasses": {
                        "Parent1Class": "col-md-8",
                        "Parent2Class": "col-md-4",
                        "Parent3Class": "col-md-12",
                        "InputClass": "form-control"
                    },
                    "DisplayType": {
                        "IsIndianFormat": false,
                        "IsInput": false
                    },
                    "KDataset": {
                        "HTMLControlType": "",
                        "Min": "",
                        "Max": "",
                        "Step": "",
                        "SaveCheck": {
                            "ClientSide": false,
                            "Validate": false,
                            "Type": "",
                            "Masters": {
                                "CheckKey": "",
                                "CheckColumnName": ""
                            }
                        }
                    },
                    "KDatasetStuff": {
                        "Validate": false,
                        "Type": "",
                        "DataListReverse": false,
                        "LocalStorage": {
                            "PullKey": "",
                            "FilterKeys": "",
                            "ReturnKeys": "",
                            "TargetColumnDataAttribute": "",
                            "TargetKey": ""
                        }
                    }
                }
            ],
            "TableInfo": {
                "ColumnReOrder": false,
                "DisplayName": "",
                "TableInfoServerSide": {
                    "TransformToUi": false
                },
                "SearchControl": [],
                "TableBody": {
                    "FooterType": {
                        "ShowTotals": false,
                        "Search": {
                            "ShowTotals": false
                        }
                    }
                },
                "TableRowOptions": {
                    "PrintToPrinter": {
                        "Double": false,
                        "Barcode": false
                    },
                    "DropDown": "",
                    "KData": [
                        {
                            "DisplayName": "Edit",
                            "OnClickFunc": ""
                        },
                        {
                            "DisplayName": "Delete",
                            "OnClickFunc": ""
                        },
                        {
                            "DisplayName": "InvGrid",
                            "OnClickFunc": ""
                        },
                        {
                            "DisplayName": "Design",
                            "OnClickFunc": ""
                        },
                        {
                            "DisplayName": "Show",
                            "OnClickFunc": ""
                        },
                        {
                            "DisplayName": "Update",
                            "OnClickFunc": ""
                        }
                    ],
                    "Onclick": "TestingClick",
                    "Copy": {
                        "KTF": false
                    },
                    "ShowinTable": {
                        "KTF": false
                    },
                    "Delete": {
                        "Simple": true
                    },
                    "Edit": {
                        "RowEdit": false,
                        "RowEditWithUi": false,
                        "RowEditForJSON": false,
                        "JSON": false
                    },
                    "CreateNew": {
                        "RowCreateNew": false,
                        "NewWindow": {
                            "ApiToServer": {
                                "KTF": false
                            }
                        }
                    },
                    "Show": {
                        "Rowshow": true,
                        "RowDetails": false,
                        "KeyAsTree": false
                    },
                    "DefaultFocus": {
                        "DataAttribute": ""
                    },
                    "InvGrid": {
                        "RowInvGrid": false
                    },
                    "BarcodePrint": {
                        "SVJP": false,
                        "SKML": false
                    },
                    "BillSave": {
                        "Edit": false
                    },
                    "PopUp": {
                        "Rowshow": true
                    },
                    "Design": false
                },
                "kPK": "pk",
                "kDetails": "",
                "kUserName": "",
                "TableId": "KTableId",
                "ShowFooter": true,
                "BackGroundColor": "#ffffff",
                "ParentClass": "col-12",
                "HeadRowSearch": false,
                "PopUp": "",
                "ParentClasses": {
                    "Parent1Class": "col-md-8",
                    "Parent2Class": "col-md-4",
                    "Parent3Class": "col-md-12",
                    "Table": {
                        "CardClass": "",
                        "TableClass": ""
                    }
                },
                "SearchRowArray": {
                    "Label": {
                        "KTF": true,
                        "DisplayObject": {
                            "DisplayText": "Sales - Bills.json - POS - Create",
                            "ColClass": "md-5 col-sm-12 col-12"
                        }
                    },
                    "Search": {
                        "KTF": true,
                        "DisplayObject": {
                            "DisplayText": "Search",
                            "ColClass": "md-4 col-sm-8 col-12"
                        }
                    },
                    "SearchWithEnter": {
                        "KTF": false,
                        "DisplayObject": {
                            "DisplayText": "SearchWithEnter",
                            "ColClass": "md-2 col-sm-4 col-12"
                        }
                    },
                    "Button": {
                        "PrintToPrinter": {
                            "Double": false,
                            "Preview": {
                                "KTF": false,
                                "DisplayObject": {
                                    "ColClass": "md-1"
                                }
                            }
                        },
                        "Footer": {
                            "WithApi": {
                                "KTF": true,
                                "DisplayObject": {
                                    "ColClass": "md-1",
                                    "SvgPlus": true,
                                    "SvgPlusLarge": false,
                                    "Table": true
                                }
                            }
                        },
                        "Scrollable": {
                            "KTF": false,
                            "DisplayObject": {
                                "ColClass": "md-1"
                            }
                        },
                        "NewWindow": {
                            "KTF": true,
                            "DisplayObject": {
                                "ColClass": "md-1",
                                "SvgPlus": true,
                                "SvgPlusLarge": false,
                                "NewWindow": true,
                                "Table": false
                            }
                        },
                        "PopUp": {
                            "KTF": true,
                            "DisplayObject": {
                                "ColClass": "md-1",
                                "SvgPlus": true,
                                "SvgPlusLarge": false,
                                "NewWindow": false,
                                "Table": false,
                                "Chat": true
                            }
                        }
                    },
                    "CreativeTim": {
                        "SearchWithEnter": {
                            "KTF": false,
                            "DisplayObject": {
                                "DisplayText": "SearchWithEnter",
                                "ColClass": "md-2 col-sm-4 col-12"
                            }
                        }
                    }
                },
                "Vertical": {
                    "Footer": {
                        "Update": false,
                        "SaveType": {
                            "Post": false,
                            "Show": false,
                            "Save": false,
                            "LedgerShow": false
                        }
                    },
                    "VerticalCreate": {
                        "save": false,
                        "saveNew": false,
                        "saveNewReturnData": false,
                        "Edit": false,
                        "Update": false,
                        "UpdateNew": false,
                        "saveFromKeyAsTree": true,
                        "ForSubTable": false,
                        "Save": {
                            "Transactions": false,
                            "Head": false
                        },
                        "Show": {
                            "Masters": false,
                            "Transactions": false,
                            "Reports": false
                        }
                    }
                },
                "DataAttributes": {
                    "JsonConfig": "",
                    "ItemConfig": "",
                    "PK": "",
                    "KeyAsTree": "",
                    "InsertKey": ""
                },
                "BreadCrump": [
                    {
                        "DisplayText": "home"
                    }
                ],
                "FooterType": {
                    "ShowBalance": false,
                    "CreateNew": true,
                    "CreateNewRow": {
                        "Style": "display:none",
                        "Show": true
                    },
                    "SaveType": {
                        "Save": true
                    },
                    "ShowTotals": false
                },
                "DataAttributesFromTableInfo": true,
                "DataAttributesFromTableDataRow": false
            },
            "SubTableColumns": {
                "InvGrid": {
                    "TableColumns": [
                        {
                            "DisplayName": "FK",
                            "DataAttribute": "FK",
                            "DiplayOrder": {
                                "inTable": 0
                            },
                            "Head": {
                                "Bs5UpArrow": false,
                                "Bs5DownArrow": false
                            },
                            "ServerSide": {
                                "DefaultValueCreate": {
                                    "ControlType": "",
                                    "Type": "",
                                    "IncrementBy": 1,
                                    "StartValue": 1,
                                    "ConsiderFirmPeriod": false
                                },
                                "SaveCheck": {
                                    "Type": "",
                                    "Validate": false
                                },
                                "TransformBeforeSave": {
                                    "Validate": false,
                                    "Type": ""
                                },
                                "EnterToServer": {
                                    "PickFrom": "",
                                    "FolderName": "",
                                    "FileName": "",
                                    "ItemName": "",
                                    "ColumnName": "",
                                    "Active": false
                                },
                                "DefaultValueShow": {
                                    "ControlType": "",
                                    "Format": "",
                                    "Type": "",
                                    "Transform": false
                                }
                            },
                            "Footer": {
                                "Show": {
                                    "Balance": {
                                        "ShowTF": false,
                                        "Columns": ""
                                    }
                                }
                            },
                            "HtmlAttributes": {
                                "KTF": false,
                                "list": ""
                            },
                            "KDataAttributes": {
                                "onkeypress": false,
                                "EnterOnClient": false,
                                "ClientEval": "",
                                "CustomDataList": false
                            },
                            "EnterToServer": false,
                            "IsSelect": false,
                            "SaveOnEnter": false,
                            "CreateNew": true,
                            "Insert": true,
                            "isDate": false,
                            "isDropdown": false,
                            "isToggle": false,
                            "ShowInTable": false,
                            "LocalStoageRefKey": "",
                            "TextAlign": "Left",
                            "ShowTotal": false,
                            "ShowBalanceTF": false,
                            "DefaultValue": "",
                            "ViewType": 0,
                            "Buttons": {
                                "MssqlSave": false
                            },
                            "Widths": {
                                "px": 0
                            },
                            "ParentClasses": {
                                "Parent1Class": "col-md-8",
                                "Parent2Class": "col-md-4",
                                "Parent3Class": "col-md-12",
                                "InputClass": "form-control"
                            },
                            "DisplayType": {
                                "IsIndianFormat": false,
                                "IsInput": false
                            },
                            "KDataset": {
                                "HTMLControlType": "",
                                "Min": "",
                                "Max": "",
                                "Step": "",
                                "SaveCheck": {
                                    "ClientSide": false,
                                    "Validate": false,
                                    "Type": "",
                                    "Masters": {
                                        "CheckKey": "",
                                        "CheckColumnName": ""
                                    }
                                }
                            },
                            "KDatasetStuff": {
                                "Validate": false,
                                "Type": "",
                                "DataListReverse": false,
                                "LocalStorage": {
                                    "PullKey": "",
                                    "FilterKeys": "",
                                    "ReturnKeys": "",
                                    "TargetColumnDataAttribute": "",
                                    "TargetKey": ""
                                }
                            }
                        },
                        {
                            "DisplayName": "pk",
                            "DataAttribute": "pk",
                            "DiplayOrder": {
                                "inTable": 0
                            },
                            "Head": {
                                "Bs5UpArrow": false,
                                "Bs5DownArrow": false
                            },
                            "ServerSide": {
                                "DefaultValueCreate": {
                                    "ControlType": "",
                                    "Type": "",
                                    "IncrementBy": 1,
                                    "StartValue": 1,
                                    "ConsiderFirmPeriod": false
                                },
                                "SaveCheck": {
                                    "Type": "",
                                    "Validate": false
                                },
                                "TransformBeforeSave": {
                                    "Validate": false,
                                    "Type": ""
                                },
                                "EnterToServer": {
                                    "PickFrom": "",
                                    "FolderName": "",
                                    "FileName": "",
                                    "ItemName": "",
                                    "ColumnName": "",
                                    "Active": false
                                },
                                "DefaultValueShow": {
                                    "ControlType": "",
                                    "Format": "",
                                    "Type": "",
                                    "Transform": false
                                }
                            },
                            "Footer": {
                                "Show": {
                                    "Balance": {
                                        "ShowTF": false,
                                        "Columns": ""
                                    }
                                }
                            },
                            "HtmlAttributes": {
                                "KTF": false,
                                "list": ""
                            },
                            "KDataAttributes": {
                                "onkeypress": false,
                                "EnterOnClient": false,
                                "ClientEval": "",
                                "CustomDataList": false
                            },
                            "EnterToServer": false,
                            "IsSelect": false,
                            "SaveOnEnter": false,
                            "CreateNew": false,
                            "Insert": true,
                            "isDate": false,
                            "isDropdown": false,
                            "isToggle": false,
                            "ShowInTable": false,
                            "LocalStoageRefKey": "",
                            "TextAlign": "Left",
                            "ShowTotal": false,
                            "ShowBalanceTF": false,
                            "DefaultValue": "",
                            "ViewType": 0,
                            "Buttons": {
                                "MssqlSave": false
                            },
                            "Widths": {
                                "px": 0
                            },
                            "ParentClasses": {
                                "Parent1Class": "col-md-8",
                                "Parent2Class": "col-md-4",
                                "Parent3Class": "col-md-12",
                                "InputClass": "form-control"
                            },
                            "DisplayType": {
                                "IsIndianFormat": false,
                                "IsInput": false
                            },
                            "KDataset": {
                                "HTMLControlType": "",
                                "Min": "",
                                "Max": "",
                                "Step": "",
                                "SaveCheck": {
                                    "ClientSide": false,
                                    "Validate": false,
                                    "Type": "",
                                    "Masters": {
                                        "CheckKey": "",
                                        "CheckColumnName": ""
                                    }
                                }
                            },
                            "KDatasetStuff": {
                                "Validate": false,
                                "Type": "",
                                "DataListReverse": false,
                                "LocalStorage": {
                                    "PullKey": "",
                                    "FilterKeys": "",
                                    "ReturnKeys": "",
                                    "TargetColumnDataAttribute": "",
                                    "TargetKey": ""
                                }
                            }
                        },
                        {
                            "DisplayName": "sno",
                            "DataAttribute": "sno",
                            "DiplayOrder": {
                                "inTable": 0
                            },
                            "Head": {
                                "Bs5UpArrow": false,
                                "Bs5DownArrow": false
                            },
                            "ServerSide": {
                                "DefaultValueCreate": {
                                    "ControlType": "",
                                    "Type": "",
                                    "IncrementBy": 1,
                                    "StartValue": 1,
                                    "ConsiderFirmPeriod": false
                                },
                                "SaveCheck": {
                                    "Type": "",
                                    "Validate": false
                                },
                                "TransformBeforeSave": {
                                    "Validate": false,
                                    "Type": ""
                                },
                                "EnterToServer": {
                                    "PickFrom": "",
                                    "FolderName": "",
                                    "FileName": "",
                                    "ItemName": "",
                                    "ColumnName": "",
                                    "Active": false
                                },
                                "DefaultValueShow": {
                                    "ControlType": "",
                                    "Format": "",
                                    "Type": "",
                                    "Transform": false
                                }
                            },
                            "Footer": {
                                "Show": {
                                    "Balance": {
                                        "ShowTF": false,
                                        "Columns": ""
                                    }
                                }
                            },
                            "HtmlAttributes": {
                                "KTF": false,
                                "list": ""
                            },
                            "KDataAttributes": {
                                "onkeypress": false,
                                "EnterOnClient": false,
                                "ClientEval": "",
                                "CustomDataList": false
                            },
                            "EnterToServer": false,
                            "IsSelect": false,
                            "SaveOnEnter": false,
                            "CreateNew": true,
                            "Insert": true,
                            "isDate": false,
                            "isDropdown": false,
                            "isToggle": false,
                            "ShowInTable": true,
                            "LocalStoageRefKey": "",
                            "TextAlign": "Left",
                            "ShowTotal": false,
                            "ShowBalanceTF": false,
                            "DefaultValue": "",
                            "ViewType": 0,
                            "Buttons": {
                                "MssqlSave": false
                            },
                            "Widths": {
                                "px": "10"
                            },
                            "ParentClasses": {
                                "Parent1Class": "col-md-8",
                                "Parent2Class": "col-md-4",
                                "Parent3Class": "col-md-12",
                                "InputClass": "form-control"
                            },
                            "DisplayType": {
                                "IsIndianFormat": false,
                                "IsInput": false
                            },
                            "KDataset": {
                                "HTMLControlType": "",
                                "Min": "",
                                "Max": "",
                                "Step": "",
                                "SaveCheck": {
                                    "ClientSide": false,
                                    "Validate": false,
                                    "Type": "",
                                    "Masters": {
                                        "CheckKey": "",
                                        "CheckColumnName": ""
                                    }
                                }
                            },
                            "KDatasetStuff": {
                                "Validate": false,
                                "Type": "",
                                "DataListReverse": false,
                                "LocalStorage": {
                                    "PullKey": "",
                                    "FilterKeys": "",
                                    "ReturnKeys": "",
                                    "TargetColumnDataAttribute": "",
                                    "TargetKey": ""
                                }
                            }
                        },
                        {
                            "DisplayName": "QrCode",
                            "DataAttribute": "QrCode",
                            "DiplayOrder": {
                                "inTable": 0
                            },
                            "Head": {
                                "Bs5UpArrow": false,
                                "Bs5DownArrow": false
                            },
                            "ServerSide": {
                                "DefaultValueCreate": {
                                    "ControlType": "",
                                    "Type": "Number",
                                    "IncrementBy": 1,
                                    "StartValue": 1,
                                    "ConsiderFirmPeriod": false
                                },
                                "SaveCheck": {
                                    "Type": "",
                                    "Validate": false
                                },
                                "TransformBeforeSave": {
                                    "Validate": true,
                                    "Type": "Number"
                                },
                                "EnterToServer": {
                                    "PickFrom": "",
                                    "FolderName": "",
                                    "FileName": "",
                                    "ItemName": "",
                                    "ColumnName": "",
                                    "Active": false
                                },
                                "DefaultValueShow": {
                                    "ControlType": "",
                                    "Format": "",
                                    "Type": "",
                                    "Transform": false
                                }
                            },
                            "Footer": {
                                "Show": {
                                    "Balance": {
                                        "ShowTF": false,
                                        "Columns": ""
                                    }
                                }
                            },
                            "HtmlAttributes": {
                                "KTF": true,
                                "list": "Masters-Products"
                            },
                            "KDataAttributes": {
                                "onkeypress": false,
                                "EnterOnClient": false,
                                "ClientEval": "",
                                "CustomDataList": false
                            },
                            "EnterToServer": false,
                            "IsSelect": false,
                            "SaveOnEnter": false,
                            "CreateNew": true,
                            "Insert": true,
                            "isDate": false,
                            "isDropdown": false,
                            "isToggle": false,
                            "ShowInTable": true,
                            "LocalStoageRefKey": "",
                            "TextAlign": "Left",
                            "ShowTotal": false,
                            "ShowBalanceTF": false,
                            "DefaultValue": "",
                            "ViewType": 0,
                            "Buttons": {
                                "MssqlSave": false
                            },
                            "Widths": {
                                "px": 0
                            },
                            "ParentClasses": {
                                "Parent1Class": "col-md-8",
                                "Parent2Class": "col-md-4",
                                "Parent3Class": "col-md-12",
                                "InputClass": "form-control"
                            },
                            "DisplayType": {
                                "IsIndianFormat": false,
                                "IsInput": true
                            },
                            "KDataset": {
                                "HTMLControlType": "",
                                "Min": "",
                                "Max": "",
                                "Step": "",
                                "SaveCheck": {
                                    "ClientSide": false,
                                    "Validate": false,
                                    "Type": "",
                                    "Masters": {
                                        "CheckKey": "",
                                        "CheckColumnName": ""
                                    }
                                }
                            },
                            "KDatasetStuff": {
                                "Validate": false,
                                "Type": "",
                                "DataListReverse": true,
                                "LocalStorage": {
                                    "PullKey": "",
                                    "FilterKeys": "",
                                    "ReturnKeys": "",
                                    "TargetColumnDataAttribute": "",
                                    "TargetKey": ""
                                }
                            }
                        },
                        {
                            "DisplayName": "UnitRate",
                            "DataAttribute": "UnitRate",
                            "DiplayOrder": {
                                "inTable": 80
                            },
                            "Head": {
                                "Bs5UpArrow": false,
                                "Bs5DownArrow": false
                            },
                            "ServerSide": {
                                "DefaultValueCreate": {
                                    "ControlType": "Number",
                                    "Type": "",
                                    "IncrementBy": "",
                                    "StartValue": "",
                                    "ConsiderFirmPeriod": false
                                },
                                "SaveCheck": {
                                    "Type": "",
                                    "Validate": false
                                },
                                "TransformBeforeSave": {
                                    "Validate": false,
                                    "Type": ""
                                },
                                "EnterToServer": {
                                    "PickFrom": "",
                                    "FolderName": "",
                                    "FileName": "",
                                    "ItemName": "",
                                    "ColumnName": "",
                                    "Active": false
                                },
                                "DefaultValueShow": {
                                    "ControlType": "",
                                    "Format": "",
                                    "Type": "",
                                    "Transform": false
                                }
                            },
                            "Footer": {
                                "Show": {
                                    "Balance": {
                                        "ShowTF": false,
                                        "Columns": ""
                                    }
                                }
                            },
                            "HtmlAttributes": {
                                "KTF": false,
                                "list": ""
                            },
                            "KDataAttributes": {
                                "onkeypress": false,
                                "EnterOnClient": false,
                                "ClientEval": "",
                                "CustomDataList": false
                            },
                            "EnterToServer": false,
                            "IsSelect": false,
                            "SaveOnEnter": false,
                            "CreateNew": true,
                            "Insert": true,
                            "isDate": false,
                            "isDropdown": false,
                            "isToggle": false,
                            "ShowInTable": true,
                            "LocalStoageRefKey": "",
                            "TextAlign": "Left",
                            "ShowTotal": false,
                            "ShowBalanceTF": false,
                            "DefaultValue": "",
                            "ViewType": 0,
                            "Buttons": {
                                "MssqlSave": false
                            },
                            "Widths": {
                                "px": "20"
                            },
                            "ParentClasses": {
                                "Parent1Class": "col-md-8",
                                "Parent2Class": "col-md-4",
                                "Parent3Class": "col-md-12",
                                "InputClass": "form-control"
                            },
                            "DisplayType": {
                                "IsIndianFormat": true,
                                "IsInput": false
                            },
                            "KDataset": {
                                "HTMLControlType": "Number",
                                "Min": "",
                                "Max": "",
                                "Step": "",
                                "SaveCheck": {
                                    "ClientSide": false,
                                    "Validate": false,
                                    "Type": "",
                                    "Masters": {
                                        "CheckKey": "",
                                        "CheckColumnName": ""
                                    }
                                }
                            },
                            "KDatasetStuff": {
                                "Validate": false,
                                "Type": "",
                                "DataListReverse": false,
                                "LocalStorage": {
                                    "PullKey": "",
                                    "FilterKeys": "",
                                    "ReturnKeys": "",
                                    "TargetColumnDataAttribute": "",
                                    "TargetKey": ""
                                }
                            }
                        },
                        {
                            "DisplayName": "Amount",
                            "DataAttribute": "Amount",
                            "DiplayOrder": {
                                "inTable": 90
                            },
                            "Head": {
                                "Bs5UpArrow": false,
                                "Bs5DownArrow": false
                            },
                            "ServerSide": {
                                "DefaultValueCreate": {
                                    "ControlType": "Number",
                                    "Type": "",
                                    "IncrementBy": "",
                                    "StartValue": "",
                                    "ConsiderFirmPeriod": true
                                },
                                "SaveCheck": {
                                    "Type": "Number",
                                    "Validate": true
                                },
                                "TransformBeforeSave": {
                                    "Validate": true,
                                    "Type": "Number"
                                },
                                "EnterToServer": {
                                    "PickFrom": "",
                                    "FolderName": "",
                                    "FileName": "",
                                    "ItemName": "",
                                    "ColumnName": "",
                                    "Active": false
                                },
                                "DefaultValueShow": {
                                    "ControlType": "",
                                    "Format": "",
                                    "Type": "",
                                    "Transform": false
                                }
                            },
                            "Footer": {
                                "Show": {
                                    "Balance": {
                                        "ShowTF": false,
                                        "Columns": ""
                                    }
                                }
                            },
                            "HtmlAttributes": {
                                "KTF": false,
                                "list": ""
                            },
                            "KDataAttributes": {
                                "onkeypress": true,
                                "EnterOnClient": true,
                                "ClientEval": "{{UnitRate}}*{{Qty}}",
                                "CustomDataList": false
                            },
                            "EnterToServer": false,
                            "IsSelect": false,
                            "SaveOnEnter": false,
                            "CreateNew": true,
                            "Insert": true,
                            "isDate": false,
                            "isDropdown": false,
                            "isToggle": false,
                            "ShowInTable": true,
                            "LocalStoageRefKey": "",
                            "TextAlign": "Left",
                            "ShowTotal": true,
                            "ShowBalanceTF": false,
                            "DefaultValue": "",
                            "ViewType": 0,
                            "Buttons": {
                                "MssqlSave": false
                            },
                            "Widths": {
                                "px": "25"
                            },
                            "ParentClasses": {
                                "Parent1Class": "col-md-8",
                                "Parent2Class": "col-md-4",
                                "Parent3Class": "col-md-12",
                                "InputClass": "form-control"
                            },
                            "DisplayType": {
                                "IsIndianFormat": true,
                                "IsInput": false
                            },
                            "KDataset": {
                                "HTMLControlType": "Number",
                                "Min": "",
                                "Max": "",
                                "Step": "",
                                "SaveCheck": {
                                    "ClientSide": false,
                                    "Validate": false,
                                    "Type": "",
                                    "Masters": {
                                        "CheckKey": "",
                                        "CheckColumnName": ""
                                    }
                                }
                            },
                            "KDatasetStuff": {
                                "Validate": false,
                                "Type": "",
                                "DataListReverse": false,
                                "LocalStorage": {
                                    "PullKey": "",
                                    "FilterKeys": "",
                                    "ReturnKeys": "",
                                    "TargetColumnDataAttribute": "",
                                    "TargetKey": ""
                                }
                            }
                        }
                    ],
                    "TableInfo": {
                        "ColumnReOrder": true,
                        "DisplayName": "Inventory Details",
                        "TableInfoServerSide": {
                            "TransformToUi": false
                        },
                        "SearchControl": [],
                        "TableBody": {
                            "FooterType": {
                                "ShowTotals": false,
                                "Search": {
                                    "ShowTotals": false
                                }
                            }
                        },
                        "TableRowOptions": {
                            "PrintToPrinter": {
                                "Double": false,
                                "Barcode": false
                            },
                            "DropDown": "",
                            "KData": [
                                {
                                    "DisplayName": "Edit",
                                    "OnClickFunc": ""
                                },
                                {
                                    "DisplayName": "Delete",
                                    "OnClickFunc": ""
                                },
                                {
                                    "DisplayName": "InvGrid",
                                    "OnClickFunc": ""
                                },
                                {
                                    "DisplayName": "Design",
                                    "OnClickFunc": ""
                                },
                                {
                                    "DisplayName": "Show",
                                    "OnClickFunc": ""
                                },
                                {
                                    "DisplayName": "Update",
                                    "OnClickFunc": ""
                                }
                            ],
                            "Onclick": "TestingClick",
                            "Copy": {
                                "KTF": false
                            },
                            "ShowinTable": {
                                "KTF": false
                            },
                            "Delete": {
                                "Simple": true
                            },
                            "Edit": {
                                "RowEdit": false,
                                "RowEditWithUi": false,
                                "RowEditForJSON": false,
                                "JSON": false
                            },
                            "CreateNew": {
                                "RowCreateNew": false,
                                "NewWindow": {
                                    "ApiToServer": {
                                        "KTF": false
                                    }
                                }
                            },
                            "Show": {
                                "Rowshow": false,
                                "RowDetails": false,
                                "KeyAsTree": false
                            },
                            "DefaultFocus": {
                                "DataAttribute": ""
                            },
                            "InvGrid": {
                                "RowInvGrid": false
                            },
                            "BarcodePrint": {
                                "SVJP": false,
                                "SKML": false
                            },
                            "BillSave": {
                                "Edit": false
                            },
                            "PopUp": {
                                "Rowshow": false
                            },
                            "Design": false
                        },
                        "kPK": "pk",
                        "kDetails": "",
                        "kUserName": "",
                        "TableId": "KTableId",
                        "ShowFooter": true,
                        "BackGroundColor": "#ffffff",
                        "ParentClass": "col-12",
                        "HeadRowSearch": false,
                        "PopUp": "",
                        "ParentClasses": {
                            "Parent1Class": "col-md-8",
                            "Parent2Class": "col-md-4",
                            "Parent3Class": "col-md-12"
                        },
                        "SearchRowArray": {
                            "Label": {
                                "KTF": true,
                                "DisplayObject": {
                                    "DisplayText": "Inventory Details",
                                    "ColClass": "md-6 col-sm-12 col-12"
                                }
                            },
                            "Search": {
                                "KTF": false,
                                "DisplayObject": {
                                    "DisplayText": "Search",
                                    "ColClass": "md-4 col-sm-8 col-12"
                                }
                            },
                            "SearchWithEnter": {
                                "KTF": false,
                                "DisplayObject": {
                                    "DisplayText": "SearchWithEnter",
                                    "ColClass": "md-2 col-sm-4 col-12"
                                }
                            },
                            "Button": {
                                "PrintToPrinter": {
                                    "Double": false,
                                    "Preview": {
                                        "KTF": false,
                                        "DisplayObject": {
                                            "ColClass": "md-1"
                                        }
                                    }
                                },
                                "Footer": {
                                    "WithApi": {
                                        "KTF": true,
                                        "DisplayObject": {
                                            "ColClass": "md-1",
                                            "SvgPlus": false,
                                            "SvgPlusLarge": true,
                                            "Table": false
                                        }
                                    }
                                },
                                "Scrollable": {
                                    "KTF": false,
                                    "DisplayObject": {
                                        "ColClass": "md-1"
                                    }
                                },
                                "NewWindow": {
                                    "KTF": false,
                                    "DisplayObject": {
                                        "ColClass": "md-1",
                                        "SvgPlus": false,
                                        "SvgPlusLarge": false,
                                        "NewWindow": false,
                                        "Table": false
                                    }
                                },
                                "PopUp": {
                                    "KTF": false,
                                    "DisplayObject": {
                                        "ColClass": "md-1",
                                        "SvgPlus": false,
                                        "SvgPlusLarge": false,
                                        "NewWindow": false,
                                        "Table": false,
                                        "Chat": false
                                    }
                                }
                            },
                            "CreativeTim": {
                                "SearchWithEnter": {
                                    "KTF": false,
                                    "DisplayObject": {
                                        "DisplayText": "SearchWithEnter",
                                        "ColClass": "md-2 col-sm-4 col-12"
                                    }
                                }
                            }
                        },
                        "Vertical": {
                            "Footer": {
                                "Update": false,
                                "SaveType": {
                                    "Post": false,
                                    "Show": false,
                                    "Save": false,
                                    "LedgerShow": false
                                }
                            },
                            "VerticalCreate": {
                                "save": false,
                                "saveNew": false,
                                "saveNewReturnData": false,
                                "Edit": false,
                                "Update": false,
                                "UpdateNew": false,
                                "saveFromKeyAsTree": true,
                                "ForSubTable": true,
                                "Save": {
                                    "Transactions": false,
                                    "Head": false
                                },
                                "Show": {
                                    "Masters": false,
                                    "Transactions": false,
                                    "Reports": false
                                }
                            }
                        },
                        "DataAttributes": {
                            "JsonConfig": "",
                            "ItemConfig": "",
                            "PK": "",
                            "KeyAsTree": "",
                            "InsertKey": ""
                        },
                        "BreadCrump": [
                            {
                                "DisplayText": "home"
                            }
                        ],
                        "FooterType": {
                            "ShowBalance": false,
                            "CreateNew": true,
                            "CreateNewRow": {
                                "Style": "display:none",
                                "Show": true
                            },
                            "SaveType": {
                                "Save": true
                            },
                            "ShowTotals": true
                        },
                        "DataAttributesFromTableInfo": true,
                        "DataAttributesFromTableDataRow": false
                    }
                }
            }
        }
    },
    "BillsQrCode": {
        "Create": {
            "TableColumns": [
                {
                    "IsTextArea": false,
                    "DisplayName": "pk",
                    "DataAttribute": "pk",
                    "DisplayOrder": {
                        "inTable": 0
                    },
                    "Head": {
                        "Bs5UpArrow": false,
                        "Bs5DownArrow": false
                    },
                    "ServerSide": {
                        "DefaultValueCreate": {
                            "ControlType": "",
                            "Type": "",
                            "IncrementBy": 1,
                            "StartValue": 1,
                            "ConsiderFirmPeriod": false
                        },
                        "SaveCheck": {
                            "Type": "",
                            "Validate": false
                        },
                        "TransformBeforeSave": {
                            "Validate": false,
                            "Type": ""
                        },
                        "EnterToServer": {
                            "PickFrom": "",
                            "FolderName": "",
                            "FileName": "",
                            "ItemName": "",
                            "ColumnName": "",
                            "Active": false
                        },
                        "DefaultValueShow": {
                            "ControlType": "",
                            "Format": "",
                            "Type": "",
                            "Transform": false
                        }
                    },
                    "Footer": {
                        "Show": {
                            "Balance": {
                                "ShowTF": false,
                                "Columns": ""
                            }
                        }
                    },
                    "HtmlAttributes": {
                        "KTF": false,
                        "list": ""
                    },
                    "KDataAttributes": {
                        "onkeypress": false,
                        "EnterOnClient": false,
                        "ClientEval": "",
                        "CustomDataList": false
                    },
                    "EnterToServer": false,
                    "IsSelect": false,
                    "SaveOnEnter": false,
                    "CreateNew": false,
                    "Insert": true,
                    "isDate": false,
                    "isDropdown": false,
                    "isToggle": false,
                    "ShowInTable": false,
                    "LocalStoageRefKey": "",
                    "TextAlign": "Left",
                    "ShowTotal": false,
                    "ShowBalanceTF": false,
                    "DefaultValue": "",
                    "ViewType": 0,
                    "Buttons": {
                        "MssqlSave": false
                    },
                    "Widths": {
                        "px": 0
                    },
                    "ParentClasses": {
                        "Parent1Class": "col-md-8",
                        "Parent2Class": "col-md-4",
                        "Parent3Class": "col-md-12",
                        "InputClass": "form-control"
                    },
                    "DisplayType": {
                        "IsIndianFormat": false,
                        "IsInput": false
                    },
                    "KDataset": {
                        "HTMLControlType": "",
                        "Min": "",
                        "Max": "",
                        "Step": "",
                        "SaveCheck": {
                            "ClientSide": false,
                            "Validate": false,
                            "Type": "",
                            "Masters": {
                                "CheckKey": "",
                                "CheckColumnName": ""
                            }
                        }
                    },
                    "KDatasetStuff": {
                        "Validate": false,
                        "Type": "",
                        "DataListReverse": false,
                        "LocalStorage": {
                            "PullKey": "",
                            "FilterKeys": "",
                            "ReturnKeys": "",
                            "TargetColumnDataAttribute": "",
                            "TargetKey": ""
                        }
                    }
                },
                {
                    "IsTextArea": false,
                    "DisplayName": "QrCode",
                    "DataAttribute": "QrCode",
                    "DisplayOrder": {
                        "inTable": 0
                    },
                    "Head": {
                        "Bs5UpArrow": false,
                        "Bs5DownArrow": false
                    },
                    "ServerSide": {
                        "DefaultValueCreate": {
                            "ControlType": "",
                            "Type": "",
                            "IncrementBy": 1,
                            "StartValue": 1,
                            "ConsiderFirmPeriod": false
                        },
                        "SaveCheck": {
                            "Type": "",
                            "Validate": false
                        },
                        "TransformBeforeSave": {
                            "Validate": false,
                            "Type": ""
                        },
                        "EnterToServer": {
                            "PickFrom": "",
                            "FolderName": "",
                            "FileName": "",
                            "ItemName": "",
                            "ColumnName": "",
                            "Active": false
                        },
                        "DefaultValueShow": {
                            "ControlType": "",
                            "Format": "",
                            "Type": "",
                            "Transform": false
                        }
                    },
                    "Footer": {
                        "Show": {
                            "Balance": {
                                "ShowTF": false,
                                "Columns": ""
                            }
                        }
                    },
                    "HtmlAttributes": {
                        "KTF": false,
                        "list": ""
                    },
                    "KDataAttributes": {
                        "onkeypress": false,
                        "EnterOnClient": false,
                        "ClientEval": "",
                        "CustomDataList": false
                    },
                    "EnterToServer": false,
                    "IsSelect": false,
                    "SaveOnEnter": false,
                    "CreateNew": true,
                    "Insert": true,
                    "isDate": false,
                    "isDropdown": false,
                    "isToggle": false,
                    "ShowInTable": true,
                    "LocalStoageRefKey": "",
                    "TextAlign": "Left",
                    "ShowTotal": false,
                    "ShowBalanceTF": false,
                    "DefaultValue": "",
                    "ViewType": 0,
                    "Buttons": {
                        "MssqlSave": false
                    },
                    "Widths": {
                        "px": 0
                    },
                    "ParentClasses": {
                        "Parent1Class": "col-md-8",
                        "Parent2Class": "col-md-4",
                        "Parent3Class": "col-md-12",
                        "InputClass": "form-control"
                    },
                    "DisplayType": {
                        "IsIndianFormat": false,
                        "IsInput": false
                    },
                    "KDataset": {
                        "HTMLControlType": "",
                        "Min": "",
                        "Max": "",
                        "Step": "",
                        "SaveCheck": {
                            "ClientSide": false,
                            "Validate": false,
                            "Type": "",
                            "Masters": {
                                "CheckKey": "",
                                "CheckColumnName": ""
                            }
                        }
                    },
                    "KDatasetStuff": {
                        "Validate": false,
                        "Type": "",
                        "DataListReverse": false,
                        "LocalStorage": {
                            "PullKey": "",
                            "FilterKeys": "",
                            "ReturnKeys": "",
                            "TargetColumnDataAttribute": "",
                            "TargetKey": ""
                        }
                    }
                },
                {
                    "IsTextArea": false,
                    "DisplayName": "BillPk",
                    "DataAttribute": "BillPk",
                    "DisplayOrder": {
                        "inTable": 0
                    },
                    "Head": {
                        "Bs5UpArrow": false,
                        "Bs5DownArrow": false
                    },
                    "ServerSide": {
                        "DefaultValueCreate": {
                            "ControlType": "",
                            "Type": "",
                            "IncrementBy": 1,
                            "StartValue": 1,
                            "ConsiderFirmPeriod": false
                        },
                        "SaveCheck": {
                            "Type": "",
                            "Validate": false
                        },
                        "TransformBeforeSave": {
                            "Validate": false,
                            "Type": ""
                        },
                        "EnterToServer": {
                            "PickFrom": "",
                            "FolderName": "",
                            "FileName": "",
                            "ItemName": "",
                            "ColumnName": "",
                            "Active": false
                        },
                        "DefaultValueShow": {
                            "ControlType": "",
                            "Format": "",
                            "Type": "",
                            "Transform": false
                        }
                    },
                    "Footer": {
                        "Show": {
                            "Balance": {
                                "ShowTF": false,
                                "Columns": ""
                            }
                        }
                    },
                    "HtmlAttributes": {
                        "KTF": false,
                        "list": ""
                    },
                    "KDataAttributes": {
                        "onkeypress": false,
                        "EnterOnClient": false,
                        "ClientEval": "",
                        "CustomDataList": false
                    },
                    "EnterToServer": false,
                    "IsSelect": false,
                    "SaveOnEnter": false,
                    "CreateNew": true,
                    "Insert": true,
                    "isDate": false,
                    "isDropdown": false,
                    "isToggle": false,
                    "ShowInTable": true,
                    "LocalStoageRefKey": "",
                    "TextAlign": "Left",
                    "ShowTotal": false,
                    "ShowBalanceTF": false,
                    "DefaultValue": "",
                    "ViewType": 0,
                    "Buttons": {
                        "MssqlSave": false
                    },
                    "Widths": {
                        "px": 0
                    },
                    "ParentClasses": {
                        "Parent1Class": "col-md-8",
                        "Parent2Class": "col-md-4",
                        "Parent3Class": "col-md-12",
                        "InputClass": "form-control"
                    },
                    "DisplayType": {
                        "IsIndianFormat": false,
                        "IsInput": false
                    },
                    "KDataset": {
                        "HTMLControlType": "",
                        "Min": "",
                        "Max": "",
                        "Step": "",
                        "SaveCheck": {
                            "ClientSide": false,
                            "Validate": false,
                            "Type": "",
                            "Masters": {
                                "CheckKey": "",
                                "CheckColumnName": ""
                            }
                        }
                    },
                    "KDatasetStuff": {
                        "Validate": false,
                        "Type": "",
                        "DataListReverse": false,
                        "LocalStorage": {
                            "PullKey": "",
                            "FilterKeys": "",
                            "ReturnKeys": "",
                            "TargetColumnDataAttribute": "",
                            "TargetKey": ""
                        }
                    }
                }
            ],
            "TableInfo": {
                "ColumnReOrder": false,
                "DisplayName": "",
                "TableInfoServerSide": {
                    "TransformToUi": false
                },
                "SearchControl": [],
                "TableBody": {
                    "FooterType": {
                        "ShowTotals": false,
                        "Search": {
                            "ShowTotals": false
                        }
                    }
                },
                "TableRowOptions": {
                    "PrintToPrinter": {
                        "Double": false,
                        "Barcode": false
                    },
                    "DropDown": "",
                    "KData": [
                        {
                            "DisplayName": "Edit",
                            "OnClickFunc": ""
                        },
                        {
                            "DisplayName": "Delete",
                            "OnClickFunc": ""
                        },
                        {
                            "DisplayName": "InvGrid",
                            "OnClickFunc": ""
                        },
                        {
                            "DisplayName": "Design",
                            "OnClickFunc": ""
                        },
                        {
                            "DisplayName": "Show",
                            "OnClickFunc": ""
                        },
                        {
                            "DisplayName": "Update",
                            "OnClickFunc": ""
                        }
                    ],
                    "Onclick": "TestingClick",
                    "Copy": {
                        "KTF": false
                    },
                    "ShowinTable": {
                        "KTF": false
                    },
                    "Delete": {
                        "Simple": true
                    },
                    "Edit": {
                        "RowEdit": false,
                        "RowEditWithUi": false,
                        "RowEditForJSON": false,
                        "JSON": false
                    },
                    "CreateNew": {
                        "RowCreateNew": false,
                        "NewWindow": {
                            "ApiToServer": {
                                "KTF": false
                            }
                        }
                    },
                    "Show": {
                        "Rowshow": true,
                        "RowDetails": false,
                        "KeyAsTree": false
                    },
                    "DefaultFocus": {
                        "DataAttribute": ""
                    },
                    "InvGrid": {
                        "RowInvGrid": false
                    },
                    "BarcodePrint": {
                        "SVJP": false,
                        "SKML": false
                    },
                    "BillSave": {
                        "Edit": false
                    },
                    "PopUp": {
                        "Rowshow": true
                    },
                    "Design": false
                },
                "kPK": "pk",
                "kDetails": "",
                "kUserName": "",
                "TableId": "KTableId",
                "ShowFooter": true,
                "BackGroundColor": "#ffffff",
                "ParentClass": "col-12",
                "HeadRowSearch": false,
                "PopUp": "",
                "ParentClasses": {
                    "Parent1Class": "col-md-8",
                    "Parent2Class": "col-md-4",
                    "Parent3Class": "col-md-12",
                    "Table": {
                        "CardClass": "",
                        "TableClass": ""
                    }
                },
                "SearchRowArray": {
                    "Label": {
                        "KTF": true,
                        "DisplayObject": {
                            "DisplayText": "Sales - Bills.json - BillsQrCode - Create",
                            "ColClass": "md-5 col-sm-12 col-12"
                        }
                    },
                    "Search": {
                        "KTF": true,
                        "DisplayObject": {
                            "DisplayText": "Search",
                            "ColClass": "md-4 col-sm-8 col-12"
                        }
                    },
                    "SearchWithEnter": {
                        "KTF": false,
                        "DisplayObject": {
                            "DisplayText": "SearchWithEnter",
                            "ColClass": "md-2 col-sm-4 col-12"
                        }
                    },
                    "Button": {
                        "PrintToPrinter": {
                            "Double": false,
                            "Preview": {
                                "KTF": false,
                                "DisplayObject": {
                                    "ColClass": "md-1"
                                }
                            }
                        },
                        "Footer": {
                            "WithApi": {
                                "KTF": true,
                                "DisplayObject": {
                                    "ColClass": "md-1",
                                    "SvgPlus": true,
                                    "SvgPlusLarge": false,
                                    "Table": true
                                }
                            }
                        },
                        "Scrollable": {
                            "KTF": false,
                            "DisplayObject": {
                                "ColClass": "md-1"
                            }
                        },
                        "NewWindow": {
                            "KTF": true,
                            "DisplayObject": {
                                "ColClass": "md-1",
                                "SvgPlus": true,
                                "SvgPlusLarge": false,
                                "NewWindow": true,
                                "Table": false
                            }
                        },
                        "PopUp": {
                            "KTF": true,
                            "DisplayObject": {
                                "ColClass": "md-1",
                                "SvgPlus": true,
                                "SvgPlusLarge": false,
                                "NewWindow": false,
                                "Table": false,
                                "Chat": true
                            }
                        }
                    },
                    "CreativeTim": {
                        "SearchWithEnter": {
                            "KTF": false,
                            "DisplayObject": {
                                "DisplayText": "SearchWithEnter",
                                "ColClass": "md-2 col-sm-4 col-12"
                            }
                        }
                    }
                },
                "Vertical": {
                    "Footer": {
                        "Update": false,
                        "SaveType": {
                            "Post": false,
                            "Show": false,
                            "Save": false,
                            "LedgerShow": false
                        }
                    },
                    "VerticalCreate": {
                        "save": false,
                        "saveNew": false,
                        "saveNewReturnData": false,
                        "Edit": false,
                        "Update": false,
                        "UpdateNew": false,
                        "saveFromKeyAsTree": true,
                        "ForSubTable": false,
                        "Save": {
                            "Transactions": false,
                            "Head": false
                        },
                        "Show": {
                            "Masters": false,
                            "Transactions": false,
                            "Reports": false
                        }
                    }
                },
                "DataAttributes": {
                    "JsonConfig": "",
                    "ItemConfig": "",
                    "PK": "",
                    "KeyAsTree": "",
                    "InsertKey": ""
                },
                "BreadCrump": [
                    {
                        "DisplayText": "home"
                    }
                ],
                "FooterType": {
                    "ShowBalance": false,
                    "CreateNew": true,
                    "CreateNewRow": {
                        "Style": "display:none",
                        "Show": true
                    },
                    "SaveType": {
                        "Save": true
                    },
                    "ShowTotals": false
                },
                "DataAttributesFromTableInfo": true,
                "DataAttributesFromTableDataRow": false
            }
        }
    }
}