{"SuppliersName":{"1":{"pk":"","SupplierName":"SHIVAM","City":"AHMEDABAD","GST":"","Phone":"07922112255","Status":"","Id":"","AliasName":"SHV"},"2":{"pk":"","SupplierName":"NEW EVER GREEN","City":"SECUNDRABAD","GST":"36KTEPS6529B1ZD","Phone":"8801899859","Status":"","Id":"","AliasName":"NEG"},"3":{"pk":"","SupplierName":"SVT  DESIGNS","City":"THAILAND","GST":"","Phone":"","Status":"","Id":"","AliasName":"SVT"},"4":{"pk":"","SupplierName":"mangalahat","City":"kolkata","GST":"","Phone":"9674976890","Status":"","Id":"","AliasName":"MHM"},"5":{"pk":"","SupplierName":"ANAM WESTERN WORLD","City":"SECUNDRABAD","GST":"37ACJP29300K2ZB","Phone":"8977274495","Status":"","Id":"","AliasName":"AWW"}}}