{"VouchersName":{"1":{"VoucherName":"","pk":"","BillNumber":"559","Date":"2016-12-06","VoucherValue":"","VoucherSign":"","ParentVoucherName":"","AccountCode":"","AccountName":"","InvGrid":{"1":{"FK":"","pk":"","sno":1,"Tax":"","Qty":2,"UnitRate":350,"Amount":700,"ItemName":"NIGHTHY","PercentageValueAddition":66,"MRP":581},"2":{"FK":"","pk":"","sno":2,"Tax":"","Qty":1,"UnitRate":360,"Amount":360,"ItemName":"NIGHTHY","PercentageValueAddition":66,"MRP":598},"3":{"FK":"","pk":"","sno":3,"Tax":"","Qty":1,"UnitRate":365,"Amount":365,"ItemName":"NIGHTHY","PercentageValueAddition":66,"MRP":606}},"SupplierName":"SHIVAM","AliasName":"SHV","TotalAmount":null},"2":{"VoucherName":"","pk":"","BillNumber":"560","Date":"2016-12-06","VoucherValue":"","VoucherSign":"","ParentVoucherName":"","AccountCode":"","AccountName":"","InvGrid":{"1":{"FK":"","pk":"","sno":1,"Tax":"","Qty":2,"UnitRate":410,"Amount":820,"ItemName":"NIGHTHY","PercentageValueAddition":66,"MRP":681},"2":{"FK":"","pk":"","sno":2,"Tax":"","Qty":2,"UnitRate":520,"Amount":1040,"ItemName":"NIGHTHY","PercentageValueAddition":75,"MRP":910},"3":{"FK":"","pk":"","sno":3,"Tax":"","Qty":3,"UnitRate":625,"Amount":1250,"ItemName":"NIGHTHY","PercentageValueAddition":75,"MRP":1094}},"SupplierName":"SHIVAM","AliasName":"SHV","TotalAmount":null},"3":{"VoucherName":"","pk":"","BillNumber":"1249","Date":"2022-07-09","VoucherValue":"","VoucherSign":"","ParentVoucherName":"","AccountCode":"","AccountName":"","InvGrid":{"1":{"FK":"","pk":"","sno":1,"Tax":"","Qty":42,"UnitRate":335,"Amount":14070,"ItemName":"NIGHTHY","PercentageValueAddition":150,"MRP":838},"2":{"FK":"","pk":"","sno":2,"Tax":"","Qty":102,"UnitRate":245,"Amount":24990,"ItemName":"NIGHTHY","PercentageValueAddition":150,"MRP":612},"3":{"FK":"","pk":"","sno":3,"Tax":"","Qty":15,"UnitRate":285,"Amount":4275,"ItemName":"NIGHTHY","PercentageValueAddition":150,"MRP":712},"4":{"FK":"","pk":"","sno":4,"Tax":"","Qty":40,"UnitRate":265,"Amount":10600,"ItemName":"NIGHTHY","PercentageValueAddition":150,"MRP":662},"5":{"FK":"","pk":"","sno":5,"Tax":"","Qty":60,"UnitRate":255,"Amount":15300,"ItemName":"NIGHTHY","PercentageValueAddition":154,"MRP":650}},"SupplierName":"NEW EVER GREEN","AliasName":"NEG","TotalAmount":null},"4":{"VoucherName":"","pk":"","BillNumber":"1249","Date":"2022-07-09","VoucherValue":"","VoucherSign":"","ParentVoucherName":"","AccountCode":"","AccountName":"","InvGrid":{"1":{"FK":"","pk":"","sno":1,"Tax":"","Qty":39,"UnitRate":275,"Amount":10725,"ItemName":"NIGHTHY","PercentageValueAddition":160,"MRP":715},"2":{"FK":"","pk":"","sno":2,"Tax":"","Qty":15,"UnitRate":195,"Amount":2925,"ItemName":"NIGHTHY","PercentageValueAddition":150,"MRP":488},"3":{"FK":"","pk":"","sno":3,"Tax":"","Qty":14,"UnitRate":210,"Amount":2940,"ItemName":"NIGHTHY","PercentageValueAddition":150,"MRP":525},"4":{"FK":"","pk":"","sno":4,"Tax":"","Qty":45,"UnitRate":335,"Amount":15075,"ItemName":"NIGHTHY","PercentageValueAddition":150,"MRP":838},"5":{"FK":"","pk":"","sno":5,"Tax":"","Qty":32,"UnitRate":265,"Amount":8480,"ItemName":"NIGHTHY","PercentageValueAddition":149,"MRP":662},"6":{"FK":"","pk":"","sno":6,"Tax":"","Qty":13,"UnitRate":235,"Amount":3055,"ItemName":"NIGHTHY","PercentageValueAddition":150,"MRP":588},"7":{"FK":"","pk":"","sno":7,"Tax":"","Qty":77,"UnitRate":240,"Amount":18480,"ItemName":"NIGHTHY","PercentageValueAddition":150,"MRP":600},"8":{"FK":"","pk":"","sno":8,"Tax":"","Qty":48,"UnitRate":285,"Amount":13680,"ItemName":"NIGHTHY","PercentageValueAddition":149,"MRP":712},"9":{"FK":"","pk":"","sno":9,"Tax":"","Qty":38,"UnitRate":265,"Amount":10070,"ItemName":"NIGHTHY","PercentageValueAddition":149,"MRP":662},"10":{"FK":"","pk":"","sno":10,"Tax":"","Qty":42,"UnitRate":285,"Amount":11970,"ItemName":"NIGHTHY","PercentageValueAddition":149,"MRP":712},"11":{"FK":"","pk":"","sno":11,"Tax":"","Qty":13,"UnitRate":290,"Amount":3770,"ItemName":"NIGHTHY","PercentageValueAddition":150,"MRP":725},"12":{"FK":"","pk":"","sno":12,"Tax":"","Qty":7,"UnitRate":405,"Amount":2835,"ItemName":"NIGHTHY","PercentageValueAddition":149,"MRP":1012},"13":{"FK":"","pk":"","sno":13,"Tax":"","Qty":9,"UnitRate":240,"Amount":2160,"ItemName":"NIGHTHY","PercentageValueAddition":150,"MRP":600},"14":{"FK":"","pk":"","sno":14,"Tax":"","Qty":9,"UnitRate":225,"Amount":2025,"ItemName":"NIGHTHY","PercentageValueAddition":149,"MRP":562},"15":{"FK":"","pk":"","sno":15,"Tax":"","Qty":19,"UnitRate":355,"Amount":6745,"ItemName":"NIGHTHY","PercentageValueAddition":150,"MRP":888},"16":{"FK":"","pk":"","sno":16,"Tax":"","Qty":21,"UnitRate":275,"Amount":5775,"ItemName":"NIGHTHY","PercentageValueAddition":150,"MRP":688},"17":{"FK":"","pk":"","sno":17,"Tax":"","Qty":9,"UnitRate":285,"Amount":2565,"ItemName":"NIGHTHY","PercentageValueAddition":149,"MRP":712},"18":{"FK":"","pk":"","sno":18,"Tax":"","Qty":2,"UnitRate":370,"Amount":740,"ItemName":"NIGHTHY","PercentageValueAddition":150,"MRP":925},"19":{"FK":"","pk":"","sno":19,"Tax":"","Qty":21,"UnitRate":450,"Amount":9450,"ItemName":"NIGHT SUIT","PercentageValueAddition":150,"MRP":1125},"20":{"FK":"","pk":"","sno":20,"Tax":"","Qty":24,"UnitRate":535,"Amount":12840,"ItemName":"NIGHT SUIT","PercentageValueAddition":150,"MRP":1338},"21":{"FK":"","pk":"","sno":21,"Tax":"","Qty":26,"UnitRate":285,"Amount":7410,"ItemName":"NIGHT SUIT","PercentageValueAddition":149,"MRP":712},"22":{"FK":"","pk":"","sno":22,"Tax":"","Qty":9,"UnitRate":295,"Amount":2655,"ItemName":"NIGHT SUIT","PercentageValueAddition":150,"MRP":738},"23":{"FK":"","pk":"","sno":23,"Tax":"","Qty":49,"UnitRate":335,"Amount":16415,"ItemName":"NIGHT SUIT","PercentageValueAddition":160,"MRP":871},"24":{"FK":"","pk":"","sno":24,"Tax":"","Qty":34,"UnitRate":185,"Amount":6290,"ItemName":"NIGHT SLIPS","PercentageValueAddition":100,"MRP":370}},"SupplierName":"NEW EVER GREEN","AliasName":"NEG","TotalAmount":null},"5":{"VoucherName":"","pk":"","BillNumber":"1444","Date":"","VoucherValue":"","VoucherSign":"","ParentVoucherName":"","AccountCode":"","AccountName":"","InvGrid":{"1":{"FK":"","pk":"","sno":1,"Tax":"","Qty":1,"UnitRate":605,"Amount":605,"ItemName":"NIGHTHY","PercentageValueAddition":99,"MRP":1204},"2":{"FK":"","pk":"","sno":2,"Tax":"","Qty":2,"UnitRate":455,"Amount":910,"ItemName":"NIGHTHY","PercentageValueAddition":98,"MRP":905},"3":{"FK":"","pk":"","sno":3,"Tax":"","Qty":3,"UnitRate":485,"Amount":1455,"ItemName":"NIGHTHY","PercentageValueAddition":98,"MRP":965},"4":{"FK":"","pk":"","sno":4,"Tax":"","Qty":3,"UnitRate":490,"Amount":1470,"ItemName":"NIGHTHY","PercentageValueAddition":98,"MRP":975},"5":{"FK":"","pk":"","sno":5,"Tax":"","Qty":3,"UnitRate":575,"Amount":1725,"ItemName":"NIGHTHY","PercentageValueAddition":98,"MRP":1144},"6":{"FK":"","pk":"","sno":6,"Tax":"","Qty":1,"UnitRate":560,"Amount":560,"ItemName":"NIGHTHY","PercentageValueAddition":98,"MRP":1114},"7":{"FK":"","pk":"","sno":7,"Tax":"","Qty":3,"UnitRate":365,"Amount":1095,"ItemName":"NIGHTHY","PercentageValueAddition":98,"MRP":726},"8":{"FK":"","pk":"","sno":8,"Tax":"","Qty":2,"UnitRate":515,"Amount":1030,"ItemName":"NIGHTHY","PercentageValueAddition":99,"MRP":1025},"9":{"FK":"","pk":"","sno":9,"Tax":"","Qty":1,"UnitRate":535,"Amount":535,"ItemName":"NIGHTHY","PercentageValueAddition":99,"MRP":1065},"10":{"FK":"","pk":"","sno":10,"Tax":"","Qty":1,"UnitRate":545,"Amount":545,"ItemName":"NIGHTHY","PercentageValueAddition":99,"MRP":1085},"11":{"FK":"","pk":"","sno":11,"Tax":"","Qty":1,"UnitRate":480,"Amount":480,"ItemName":"NIGHTHY","PercentageValueAddition":98,"MRP":955},"12":{"FK":"","pk":"","sno":12,"Tax":"","Qty":1,"UnitRate":525,"Amount":525,"ItemName":"NIGHTHY","PercentageValueAddition":99,"MRP":1045},"13":{"FK":"","pk":"","sno":13,"Tax":"","Qty":2,"UnitRate":490,"Amount":980,"ItemName":"NIGHTHY","PercentageValueAddition":98,"MRP":975},"14":{"FK":"","pk":"","sno":14,"Tax":"","Qty":4,"UnitRate":395,"Amount":1580,"ItemName":"NIGHTHY","PercentageValueAddition":98,"MRP":786},"15":{"FK":"","pk":"","sno":15,"Tax":"","Qty":2,"UnitRate":445,"Amount":890,"ItemName":"NIGHTHY","PercentageValueAddition":99,"MRP":886},"16":{"FK":"","pk":"","sno":16,"Tax":"","Qty":4,"UnitRate":495,"Amount":1980,"ItemName":"NIGHTHY","PercentageValueAddition":98,"MRP":985},"17":{"FK":"","pk":"","sno":17,"Tax":"","Qty":1,"UnitRate":500,"Amount":500,"ItemName":"NIGHTHY","PercentageValueAddition":99,"MRP":995},"18":{"FK":"","pk":"","sno":18,"Tax":"","Qty":3,"UnitRate":475,"Amount":1425,"ItemName":"NIGHTHY","PercentageValueAddition":98,"MRP":945},"19":{"FK":"","pk":"","sno":19,"Tax":"","Qty":3,"UnitRate":540,"Amount":1620,"ItemName":"NIGHTHY","PercentageValueAddition":99,"MRP":1075},"20":{"FK":"","pk":"","sno":20,"Tax":"","Qty":2,"UnitRate":295,"Amount":590,"ItemName":"NIGHTHY","PercentageValueAddition":98,"MRP":587},"21":{"FK":"","pk":"","sno":21,"Tax":"","Qty":5,"UnitRate":325,"Amount":1625,"ItemName":"NIGHTHY","PercentageValueAddition":99,"MRP":647},"22":{"FK":"","pk":"","sno":22,"Tax":"","Qty":1,"UnitRate":300,"Amount":300,"ItemName":"NIGHTHY","PercentageValueAddition":99,"MRP":597},"23":{"FK":"","pk":"","sno":23,"Tax":"","Qty":2,"UnitRate":550,"Amount":1100,"ItemName":"NIGHTHY","PercentageValueAddition":98,"MRP":1094},"24":{"FK":"","pk":"","sno":24,"Tax":"","Qty":9,"UnitRate":450,"Amount":4050,"ItemName":"NIGHTHY","PercentageValueAddition":99,"MRP":896},"25":{"FK":"","pk":"","sno":25,"Tax":"","Qty":2,"UnitRate":880,"Amount":1760,"ItemName":"NIGHTHY","PercentageValueAddition":98,"MRP":1751},"26":{"FK":"","pk":"","sno":26,"Tax":"","Qty":1,"UnitRate":525,"Amount":525,"ItemName":"NIGHTHY","PercentageValueAddition":99,"MRP":1045},"27":{"FK":"","pk":"","sno":27,"Tax":"","Qty":9,"UnitRate":425,"Amount":3825,"ItemName":"NIGHTHY","PercentageValueAddition":99,"MRP":846},"28":{"FK":"","pk":"","sno":28,"Tax":"","Qty":1,"UnitRate":495,"Amount":495,"ItemName":"NIGHTHY","PercentageValueAddition":98,"MRP":985},"29":{"FK":"","pk":"","sno":29,"Tax":"","Qty":1,"UnitRate":435,"Amount":435,"ItemName":"NIGHTHY","PercentageValueAddition":99,"MRP":866},"30":{"FK":"","pk":"","sno":30,"Tax":"","Qty":3,"UnitRate":565,"Amount":1695,"ItemName":"NIGHTHY","PercentageValueAddition":98,"MRP":1124},"31":{"FK":"","pk":"","sno":31,"Tax":"","Qty":2,"UnitRate":480,"Amount":960,"ItemName":"NIGHTHY","PercentageValueAddition":98,"MRP":955},"32":{"FK":"","pk":"","sno":32,"Tax":"","Qty":2,"UnitRate":575,"Amount":1150,"ItemName":"NIGHTHY","PercentageValueAddition":98,"MRP":1144},"33":{"FK":"","pk":"","sno":33,"Tax":"","Qty":1,"UnitRate":340,"Amount":340,"ItemName":"NIGHTHY","PercentageValueAddition":99,"MRP":677},"34":{"FK":"","pk":"","sno":34,"Tax":"","Qty":5,"UnitRate":425,"Amount":2125,"ItemName":"NIGHTHY","PercentageValueAddition":99,"MRP":848},"35":{"FK":"","pk":"","sno":35,"Tax":"","Qty":1,"UnitRate":505,"Amount":505,"ItemName":"NIGHTHY","PercentageValueAddition":99,"MRP":1005},"36":{"FK":"","pk":"","sno":36,"Tax":"","Qty":1,"UnitRate":445,"Amount":445,"ItemName":"NIGHTHY","PercentageValueAddition":99,"MRP":886},"37":{"FK":"","pk":"","sno":37,"Tax":"","Qty":2,"UnitRate":310,"Amount":620,"ItemName":"NIGHTHY","PercentageValueAddition":99,"MRP":617},"38":{"FK":"","pk":"","sno":38,"Tax":"","Qty":1,"UnitRate":225,"Amount":225,"ItemName":"NIGHTHY","PercentageValueAddition":99,"MRP":448},"39":{"FK":"","pk":"","sno":39,"Tax":"","Qty":1,"UnitRate":190,"Amount":190,"ItemName":"NIGHTHY","PercentageValueAddition":98,"MRP":378},"40":{"FK":"","pk":"","sno":40,"Tax":"","Qty":2,"UnitRate":665,"Amount":1330,"ItemName":"NIGHTHY","PercentageValueAddition":98,"MRP":1323}},"SupplierName":"NEW EVER GREEN","AliasName":"NEG","TotalAmount":null},"6":{"VoucherName":"","pk":"","BillNumber":"4343","Date":"2018-01-27","VoucherValue":"","VoucherSign":"","ParentVoucherName":"","AccountCode":"","AccountName":"","InvGrid":{"1":{"FK":"","pk":"","sno":1,"Tax":"","Qty":4,"UnitRate":400,"Amount":1600,"ItemName":"western wear","PercentageValueAddition":80,"MRP":720},"2":{"FK":"","pk":"","sno":2,"Tax":"","Qty":2,"UnitRate":500,"Amount":1000,"ItemName":"western wear","PercentageValueAddition":80,"MRP":900},"3":{"FK":"","pk":"","sno":3,"Tax":"","Qty":3,"UnitRate":580,"Amount":1740,"ItemName":"western wear","PercentageValueAddition":80,"MRP":1044},"4":{"FK":"","pk":"","sno":4,"Tax":"","Qty":1,"UnitRate":500,"Amount":500,"ItemName":"western wear","PercentageValueAddition":80,"MRP":900},"5":{"FK":"","pk":"","sno":5,"Tax":"","Qty":4,"UnitRate":500,"Amount":2000,"ItemName":"western wear","PercentageValueAddition":80,"MRP":900},"6":{"FK":"","pk":"","sno":6,"Tax":"","Qty":1,"UnitRate":400,"Amount":400,"ItemName":"western wear","PercentageValueAddition":80,"MRP":720},"7":{"FK":"","pk":"","sno":7,"Tax":"","Qty":1,"UnitRate":500,"Amount":500,"ItemName":"western wear","PercentageValueAddition":80,"MRP":900},"8":{"FK":"","pk":"","sno":8,"Tax":"","Qty":5,"UnitRate":700,"Amount":3500,"ItemName":"western wear","PercentageValueAddition":80,"MRP":1260},"9":{"FK":"","pk":"","sno":9,"Tax":"","Qty":1,"UnitRate":980,"Amount":980,"ItemName":"western wear","PercentageValueAddition":80,"MRP":1764},"10":{"FK":"","pk":"","sno":10,"Tax":"","Qty":1,"UnitRate":580,"Amount":580,"ItemName":"western wear","PercentageValueAddition":80,"MRP":1044},"11":{"FK":"","pk":"","sno":11,"Tax":"","Qty":1,"UnitRate":500,"Amount":500,"ItemName":"western wear","PercentageValueAddition":80,"MRP":900},"12":{"FK":"","pk":"","sno":12,"Tax":"","Qty":1,"UnitRate":500,"Amount":500,"ItemName":"western wear","PercentageValueAddition":80,"MRP":900},"13":{"FK":"","pk":"","sno":13,"Tax":"","Qty":2,"UnitRate":500,"Amount":1000,"ItemName":"western wear","PercentageValueAddition":80,"MRP":900},"14":{"FK":"","pk":"","sno":14,"Tax":"","Qty":2,"UnitRate":980,"Amount":1960,"ItemName":"western wear","PercentageValueAddition":80,"MRP":1764},"15":{"FK":"","pk":"","sno":15,"Tax":"","Qty":2,"UnitRate":1380,"Amount":2760,"ItemName":"western wear","PercentageValueAddition":80,"MRP":2484},"16":{"FK":"","pk":"","sno":16,"Tax":"","Qty":1,"UnitRate":500,"Amount":500,"ItemName":"western wear","PercentageValueAddition":80,"MRP":900},"17":{"FK":"","pk":"","sno":17,"Tax":"","Qty":2,"UnitRate":500,"Amount":1000,"ItemName":"western wear","PercentageValueAddition":80,"MRP":900},"18":{"FK":"","pk":"","sno":18,"Tax":"","Qty":12,"UnitRate":700,"Amount":8400,"ItemName":"western wear","PercentageValueAddition":80,"MRP":1260},"19":{"FK":"","pk":"","sno":19,"Tax":"","Qty":9,"UnitRate":400,"Amount":3600,"ItemName":"western wear","PercentageValueAddition":80,"MRP":720},"20":{"FK":"","pk":"","sno":20,"Tax":"","Qty":2,"UnitRate":580,"Amount":1160,"ItemName":"western wear","PercentageValueAddition":80,"MRP":1044},"21":{"FK":"","pk":"","sno":21,"Tax":"","Qty":10,"UnitRate":580,"Amount":5800,"ItemName":"western wear","PercentageValueAddition":80,"MRP":1044},"22":{"FK":"","pk":"","sno":22,"Tax":"","Qty":15,"UnitRate":580,"Amount":8700,"ItemName":"western wear","PercentageValueAddition":80,"MRP":1044},"23":{"FK":"","pk":"","sno":23,"Tax":"","Qty":7,"UnitRate":900,"Amount":6300,"ItemName":"western wear","PercentageValueAddition":80,"MRP":1620},"24":{"FK":"","pk":"","sno":24,"Tax":"","Qty":18,"UnitRate":300,"Amount":5400,"ItemName":"western wear","PercentageValueAddition":80,"MRP":540},"25":{"FK":"","pk":"","sno":25,"Tax":"","Qty":9,"UnitRate":340,"Amount":3060,"ItemName":"western wear","PercentageValueAddition":80,"MRP":612},"26":{"FK":"","pk":"","sno":26,"Tax":"","Qty":4,"UnitRate":440,"Amount":1760,"ItemName":"western wear","PercentageValueAddition":80,"MRP":792},"27":{"FK":"","pk":"","sno":27,"Tax":"","Qty":2,"UnitRate":780,"Amount":1560,"ItemName":"western wear","PercentageValueAddition":80,"MRP":1404},"28":{"FK":"","pk":"","sno":28,"Tax":"","Qty":8,"UnitRate":780,"Amount":6240,"ItemName":"western wear","PercentageValueAddition":80,"MRP":1404},"29":{"FK":"","pk":"","sno":29,"Tax":"","Qty":3,"UnitRate":500,"Amount":1500,"ItemName":"western wear","PercentageValueAddition":80,"MRP":900},"30":{"FK":"","pk":"","sno":30,"Tax":"","Qty":6,"UnitRate":780,"Amount":4680,"ItemName":"western wear","PercentageValueAddition":80,"MRP":1404},"31":{"FK":"","pk":"","sno":31,"Tax":"","Qty":3,"UnitRate":700,"Amount":2100,"ItemName":"western wear","PercentageValueAddition":80,"MRP":1260},"32":{"FK":"","pk":"","sno":32,"Tax":"","Qty":1,"UnitRate":480,"Amount":480,"ItemName":"western wear","PercentageValueAddition":288,"MRP":1864},"33":{"FK":"","pk":"","sno":33,"Tax":"","Qty":3,"UnitRate":780,"Amount":2340,"ItemName":"western wear","PercentageValueAddition":80,"MRP":1404},"34":{"FK":"","pk":"","sno":34,"Tax":"","Qty":4,"UnitRate":440,"Amount":1760,"ItemName":"western wear","PercentageValueAddition":80,"MRP":792},"35":{"FK":"","pk":"","sno":35,"Tax":"","Qty":3,"UnitRate":700,"Amount":2100,"ItemName":"western wear","PercentageValueAddition":80,"MRP":1260},"36":{"FK":"","pk":"","sno":36,"Tax":"","Qty":4,"UnitRate":780,"Amount":3120,"ItemName":"western wear","PercentageValueAddition":80,"MRP":1404},"37":{"FK":"","pk":"","sno":37,"Tax":"","Qty":3,"UnitRate":300,"Amount":900,"ItemName":"western wear","PercentageValueAddition":80,"MRP":540},"38":{"FK":"","pk":"","sno":38,"Tax":"","Qty":4,"UnitRate":400,"Amount":1600,"ItemName":"western wear","PercentageValueAddition":80,"MRP":720},"39":{"FK":"","pk":"","sno":39,"Tax":"","Qty":7,"UnitRate":400,"Amount":2800,"ItemName":"western wear","PercentageValueAddition":80,"MRP":720},"40":{"FK":"","pk":"","sno":40,"Tax":"","Qty":5,"UnitRate":300,"Amount":1500,"ItemName":"western wear","PercentageValueAddition":80,"MRP":540},"41":{"FK":"","pk":"","sno":41,"Tax":"","Qty":2,"UnitRate":400,"Amount":800,"ItemName":"western wear","PercentageValueAddition":80,"MRP":720},"42":{"FK":"","pk":"","sno":42,"Tax":"","Qty":3,"UnitRate":580,"Amount":1740,"ItemName":"western wear","PercentageValueAddition":80,"MRP":1044},"43":{"FK":"","pk":"","sno":43,"Tax":"","Qty":4,"UnitRate":400,"Amount":1600,"ItemName":"western wear","PercentageValueAddition":80,"MRP":720},"44":{"FK":"","pk":"","sno":44,"Tax":"","Qty":45,"UnitRate":40,"Amount":1800,"ItemName":"western wear","PercentageValueAddition":80,"MRP":72},"45":{"FK":"","pk":"","sno":45,"Tax":"","Qty":1,"UnitRate":500,"Amount":500,"ItemName":"western wear","PercentageValueAddition":80,"MRP":900},"46":{"FK":"","pk":"","sno":46,"Tax":"","Qty":9,"UnitRate":240,"Amount":2160,"ItemName":"western wear","PercentageValueAddition":80,"MRP":432},"47":{"FK":"","pk":"","sno":47,"Tax":"","Qty":3,"UnitRate":450,"Amount":1350,"ItemName":"western wear","PercentageValueAddition":80,"MRP":810},"48":{"FK":"","pk":"","sno":48,"Tax":"","Qty":1,"UnitRate":500,"Amount":500,"ItemName":"western wear","PercentageValueAddition":80,"MRP":900},"49":{"FK":"","pk":"","sno":49,"Tax":"","Qty":2,"UnitRate":450,"Amount":900,"ItemName":"western wear","PercentageValueAddition":80,"MRP":810},"50":{"FK":"","pk":"","sno":50,"Tax":"","Qty":4,"UnitRate":500,"Amount":2000,"ItemName":"western wear","PercentageValueAddition":80,"MRP":900},"51":{"FK":"","pk":"","sno":51,"Tax":"","Qty":2,"UnitRate":450,"Amount":900,"ItemName":"western wear","PercentageValueAddition":80,"MRP":810},"52":{"FK":"","pk":"","sno":52,"Tax":"","Qty":2,"UnitRate":700,"Amount":1400,"ItemName":"western wear","PercentageValueAddition":80,"MRP":1260}},"SupplierName":"SVT  DESIGNS","AliasName":"SVT","TotalAmount":null},"7":{"VoucherName":"","pk":"","BillNumber":"513","Date":"2018-12-11","VoucherValue":"","VoucherSign":"","ParentVoucherName":"","AccountCode":"","AccountName":"","InvGrid":{"1":{"FK":"","pk":"","sno":1,"Tax":"","Qty":5,"UnitRate":462,"Amount":2310,"ItemName":"palazo","PercentageValueAddition":69,"MRP":785},"2":{"FK":"","pk":"","sno":2,"Tax":"","Qty":1,"UnitRate":385,"Amount":385,"ItemName":"skirt","PercentageValueAddition":70,"MRP":655}},"SupplierName":"mangalahat","AliasName":"MHM","TotalAmount":null},"8":{"VoucherName":"","pk":"","BillNumber":"128","Date":"2022-07-09","VoucherValue":"","VoucherSign":"","ParentVoucherName":"","AccountCode":"","AccountName":"","InvGrid":{"1":{"FK":"","pk":"","sno":1,"Tax":"","Qty":2,"UnitRate":410,"Amount":820,"ItemName":"western wear","PercentageValueAddition":84,"MRP":758},"2":{"FK":"","pk":"","sno":2,"Tax":"","Qty":2,"UnitRate":325,"Amount":650,"ItemName":"western wear","PercentageValueAddition":84,"MRP":601},"3":{"FK":"","pk":"","sno":3,"Tax":"","Qty":4,"UnitRate":450,"Amount":1800,"ItemName":"western wear","PercentageValueAddition":84,"MRP":832},"4":{"FK":"","pk":"","sno":4,"Tax":"","Qty":1,"UnitRate":520,"Amount":520,"ItemName":"western wear","PercentageValueAddition":85,"MRP":962},"5":{"FK":"","pk":"","sno":5,"Tax":"","Qty":1,"UnitRate":270,"Amount":270,"ItemName":"western wear","PercentageValueAddition":85,"MRP":500},"6":{"FK":"","pk":"","sno":6,"Tax":"","Qty":2,"UnitRate":595,"Amount":1190,"ItemName":"western wear","PercentageValueAddition":85,"MRP":1101},"7":{"FK":"","pk":"","sno":7,"Tax":"","Qty":1,"UnitRate":525,"Amount":525,"ItemName":"western wear","PercentageValueAddition":84,"MRP":971},"8":{"FK":"","pk":"","sno":8,"Tax":"","Qty":4,"UnitRate":320,"Amount":1280,"ItemName":"western wear","PercentageValueAddition":85,"MRP":592},"9":{"FK":"","pk":"","sno":9,"Tax":"","Qty":2,"UnitRate":290,"Amount":580,"ItemName":"western wear","PercentageValueAddition":84,"MRP":536},"10":{"FK":"","pk":"","sno":10,"Tax":"","Qty":2,"UnitRate":145,"Amount":290,"ItemName":"western wear","PercentageValueAddition":84,"MRP":268},"11":{"FK":"","pk":"","sno":11,"Tax":"","Qty":4,"UnitRate":180,"Amount":720,"ItemName":"western wear","PercentageValueAddition":85,"MRP":333},"12":{"FK":"","pk":"","sno":12,"Tax":"","Qty":2,"UnitRate":165,"Amount":330,"ItemName":"western wear","PercentageValueAddition":84,"MRP":305},"13":{"FK":"","pk":"","sno":13,"Tax":"","Qty":2,"UnitRate":140,"Amount":280,"ItemName":"western wear","PercentageValueAddition":85,"MRP":259},"14":{"FK":"","pk":"","sno":14,"Tax":"","Qty":2,"UnitRate":550,"Amount":1100,"ItemName":"western wear","PercentageValueAddition":103,"MRP":1018}},"SupplierName":"ANAM WESTERN WORLD","AliasName":"AWW","TotalAmount":null}}}