{"GST-PURCHASE":{"Alter":{"Table":{"Row":{"Delete":{"ReturnData":{"DataType":"TableShow","KTF":true}}},"Footer":{"Save":{"ReturnData":{"DataType":"Show","KTF":true}}}},"Vertical":{"Footer":{"Save":{"ReturnData":{"DataType":"VerticalShow","KTF":true}}}},"SubTable":{"Footer":{"Save":{"ReturnData":{"DataType":"VerticalShow","KTF":true}}},"Row":{"Delete":{"ReturnData":{"DataType":"VerticalShow","KTF":true}}}}},"Create":{"Table":{"Row":{"Delete":{"ReturnData":{"DataType":"TableShow","KTF":true}}},"Footer":{"Save":{"ReturnData":{"DataType":"Show","KTF":true}}}},"Vertical":{"Footer":{"Save":{"ReturnData":{"DataType":"VerticalShow","KTF":true}}}},"SubTable":{"Footer":{"Save":{"ReturnData":{"DataType":"VerticalShow","KTF":true}}},"Row":{"Delete":{"ReturnData":{"DataType":"VerticalShow","KTF":true}}}}},"Delete":{"Table":{"Row":{"Delete":{"ReturnData":{"DataType":"TableShow","KTF":true}}},"Footer":{"Save":{"ReturnData":{"DataType":"Show","KTF":true}}}},"Vertical":{"Footer":{"Save":{"ReturnData":{"DataType":"VerticalShow","KTF":true}}}},"SubTable":{"Footer":{"Save":{"ReturnData":{"DataType":"VerticalShow","KTF":true}}},"Row":{"Delete":{"ReturnData":{"DataType":"VerticalShow","KTF":true}}}}},"Print":{"Table":{"Row":{"Delete":{"ReturnData":{"DataType":"TableShow","KTF":true}}},"Footer":{"Save":{"ReturnData":{"DataType":"Show","KTF":true}}}},"Vertical":{"Footer":{"Save":{"ReturnData":{"DataType":"VerticalShow","KTF":true}}}},"SubTable":{"Footer":{"Save":{"ReturnData":{"DataType":"VerticalShow","KTF":true}}},"Row":{"Delete":{"ReturnData":{"DataType":"VerticalShow","KTF":true}}}}},"Show":{"Table":{"Row":{"Delete":{"ReturnData":{"DataType":"TableShow","KTF":true}}},"Footer":{"Save":{"ReturnData":{"DataType":"Show","KTF":true}}}},"Vertical":{"Footer":{"Save":{"ReturnData":{"DataType":"VerticalShow","KTF":true}}}},"SubTable":{"Footer":{"Save":{"ReturnData":{"DataType":"VerticalShow","KTF":true}}},"Row":{"Delete":{"ReturnData":{"DataType":"VerticalShow","KTF":true}}}}}}}